timestamp,y_true,y_pred,residual,z_score,verified_label
2020-03-28 02:00:00+00:00,46247.0,49631.24,-3384.23828125,-1.1005502990938758,
2020-03-28 03:00:00+00:00,44736.0,48051.004,-3315.00390625,-1.0658936830326071,
2020-03-28 18:00:00+00:00,49701.0,47346.688,2354.3125,1.306774877430863,
2020-03-29 08:00:00+00:00,46550.0,44856.543,1693.45703125,1.0490527928406392,
2020-03-29 09:00:00+00:00,49059.0,45089.51,3969.48828125,1.9774285896285049,
2020-03-29 10:00:00+00:00,52694.0,45897.242,6796.7578125,3.1130808189816266,
2020-03-29 11:00:00+00:00,51495.0,47482.14,4012.859375,1.9394951483180973,
2020-03-29 12:00:00+00:00,49251.0,46468.22,2782.78125,1.4296661754238136,
2020-03-29 13:00:00+00:00,47375.0,43803.574,3571.42578125,1.7360173528125868,
2020-03-29 14:00:00+00:00,46316.0,41173.246,5142.75390625,2.3499489304193033,
2020-03-29 15:00:00+00:00,45874.0,40319.465,5554.53515625,2.486676199988631,
2020-03-29 16:00:00+00:00,48177.0,40416.85,7760.1484375,3.3261791083099985,
2020-03-29 18:00:00+00:00,53722.0,46700.92,7021.078125,2.910948973954253,
2020-03-29 19:00:00+00:00,53254.0,47646.844,5607.15625,2.3363418309603343,
2020-03-29 20:00:00+00:00,54212.0,47230.48,6981.51953125,2.8314326268542684,
2020-03-29 21:00:00+00:00,56460.0,47670.727,8789.2734375,3.4663288712726334,
2020-03-29 22:00:00+00:00,54375.0,48805.902,5569.09765625,2.2177760314384503,
2020-03-29 23:00:00+00:00,52784.0,47762.61,5021.390625,1.9956334956784256,
2020-03-30 00:00:00+00:00,51627.0,46295.246,5331.75390625,2.090045406441738,
2020-03-30 01:00:00+00:00,49451.0,44932.008,4518.9921875,1.7776723758771544,
2020-03-30 02:00:00+00:00,48550.0,44677.426,3872.57421875,1.531798212960261,
2020-03-30 03:00:00+00:00,50110.0,44566.582,5543.41796875,2.1181599108693203,
2020-03-30 04:00:00+00:00,52592.0,45046.594,7545.40625,2.809229059009037,
2020-03-30 05:00:00+00:00,54550.0,47725.99,6824.01171875,2.5148212864850827,
2020-03-30 06:00:00+00:00,57015.0,50863.49,6151.51171875,2.2498189240230997,
2020-03-30 07:00:00+00:00,58966.0,53031.387,5934.61328125,2.150745890703745,
2020-03-30 08:00:00+00:00,59182.0,53839.76,5342.23828125,1.925871162994727,
2020-03-30 09:00:00+00:00,59759.0,55855.797,3903.203125,1.4176120123824283,
2020-03-30 10:00:00+00:00,61788.0,58138.8,3649.19921875,1.3235493088306431,
2020-03-30 11:00:00+00:00,59869.0,56489.723,3379.27734375,1.2275578852164555,
2020-03-31 01:00:00+00:00,51499.0,54827.297,-3328.296875,-1.029946335714736,
2020-03-31 02:00:00+00:00,50386.0,54219.02,-3833.01953125,-1.1990360079527826,
2020-03-31 03:00:00+00:00,51362.0,54862.125,-3500.125,-1.0764589301384,
2020-03-31 06:00:00+00:00,57617.0,61051.82,-3434.8203125,-1.039489977237499,
2020-03-31 07:00:00+00:00,58492.0,63109.98,-4617.98046875,-1.4423459345339793,
2020-03-31 08:00:00+00:00,57695.0,62735.977,-5040.9765625,-1.579481216440935,
2020-03-31 09:00:00+00:00,57415.0,62597.047,-5182.046875,-1.6183904753238032,
2020-03-31 10:00:00+00:00,58732.0,63844.527,-5112.52734375,-1.5855898232369074,
2020-03-31 11:00:00+00:00,56512.0,62189.305,-5677.3046875,-1.7691079925043118,
2020-03-31 12:00:00+00:00,53681.0,59329.516,-5648.515625,-1.748397613646312,
2020-03-31 13:00:00+00:00,50956.0,56567.48,-5611.48046875,-1.726023434569908,
2020-03-31 14:00:00+00:00,49030.0,53798.562,-4768.5625,-1.4330046187127345,
2020-03-31 15:00:00+00:00,47740.0,51946.43,-4206.4296875,-1.2378426026624518,
2020-03-31 16:00:00+00:00,49264.0,53801.62,-4537.62109375,-1.347030681012478,
2020-04-02 13:00:00+00:00,49608.0,46940.613,2667.38671875,1.1143469645301158,
2020-04-03 01:00:00+00:00,47434.0,50372.914,-2938.9140625,-1.109441503673987,
2020-04-03 02:00:00+00:00,46363.0,49443.84,-3080.83984375,-1.16228709391981,
2020-04-03 03:00:00+00:00,47431.0,50173.938,-2742.9375,-1.027504741811314,
2020-04-04 12:00:00+00:00,43581.0,46417.95,-2836.94921875,-1.092460642794337,
2020-04-04 22:00:00+00:00,46599.0,49735.914,-3136.9140625,-1.1773146112183848,
2020-04-04 23:00:00+00:00,44854.0,48051.81,-3197.80859375,-1.1953447946328237,
2020-04-05 00:00:00+00:00,43605.0,47014.61,-3409.609375,-1.273959386382524,
2020-04-05 01:00:00+00:00,41021.0,45095.184,-4074.18359375,-1.5348894118732082,
2020-04-05 02:00:00+00:00,39397.0,44003.082,-4606.08203125,-1.7391706029191025,
2020-04-05 03:00:00+00:00,39363.0,43884.016,-4521.015625,-1.691207159969628,
2020-04-05 04:00:00+00:00,40205.0,45281.867,-5076.8671875,-1.900974516968417,
2020-04-05 05:00:00+00:00,40045.0,45558.145,-5513.14453125,-2.0587785498555213,
2020-04-05 06:00:00+00:00,40891.0,45655.086,-4764.0859375,-1.7419940482168226,
2020-04-05 07:00:00+00:00,42299.0,45789.965,-3490.96484375,-1.2252807200459048,
2020-04-06 01:00:00+00:00,38251.0,41443.875,-3192.875,-1.0685557465215407,
2020-04-06 15:00:00+00:00,42448.0,40180.7,2267.30078125,1.0633267241845274,
2020-04-06 16:00:00+00:00,44070.0,41292.305,2777.6953125,1.2628572681626629,
2020-04-06 17:00:00+00:00,46593.0,44434.39,2158.609375,1.0081496558204757,
2020-04-06 18:00:00+00:00,46895.0,44675.008,2219.9921875,1.0278466296534585,
2020-04-06 20:00:00+00:00,47044.0,44240.33,2803.671875,1.2516964634934267,
2020-04-06 21:00:00+00:00,49019.0,45919.957,3099.04296875,1.3630093707547073,
2020-04-08 01:00:00+00:00,38732.0,42284.633,-3552.6328125,-1.2660152786618266,
2020-04-08 02:00:00+00:00,37560.0,41752.145,-4192.14453125,-1.5169268632679753,
2020-04-08 03:00:00+00:00,38419.0,43356.895,-4937.89453125,-1.8074578153068392,
2020-04-08 04:00:00+00:00,40562.0,46295.2,-5733.19921875,-2.1126435344761174,
2020-04-08 05:00:00+00:00,42130.0,48778.98,-6648.98046875,-2.4577376392496597,
2020-04-08 06:00:00+00:00,44343.0,51784.54,-7441.5390625,-2.7415688002414824,
2020-04-08 07:00:00+00:00,45837.0,52406.203,-6569.203125,-2.3617445333506817,
2020-04-08 08:00:00+00:00,46240.0,51573.21,-5333.2109375,-1.855216428854785,
2020-04-08 09:00:00+00:00,47115.0,51868.473,-4753.47265625,-1.6156520836853645,
2020-04-08 10:00:00+00:00,49062.0,52771.22,-3709.21875,-1.202035532924913,
2020-04-08 11:00:00+00:00,47211.0,50619.527,-3408.52734375,-1.079361243829162,
2020-04-08 13:00:00+00:00,42818.0,46099.72,-3281.71875,-1.0191150741827293,
2020-04-10 04:00:00+00:00,37944.0,41336.21,-3392.2109375,-1.0111446352885451,
2020-04-10 05:00:00+00:00,39161.0,43283.24,-4122.23828125,-1.2865646163491078,
2020-04-10 06:00:00+00:00,41340.0,45058.13,-3718.12890625,-1.1230851856382476,
2020-04-12 10:00:00+00:00,42747.0,40755.637,1991.36328125,1.062272412286549,
2020-04-13 04:00:00+00:00,32803.0,37326.125,-4523.125,-1.7001560404101945,
2020-04-13 05:00:00+00:00,32714.0,39267.324,-6553.32421875,-2.7452154144678556,
2020-04-13 06:00:00+00:00,34121.0,41032.484,-6911.484375,-2.943492803103773,
2020-04-13 07:00:00+00:00,36456.0,42789.305,-6333.3046875,-2.6496223979895976,
2020-04-13 08:00:00+00:00,38355.0,43997.1,-5642.1015625,-2.297489681575054,
2020-04-13 09:00:00+00:00,40664.0,46219.766,-5555.765625,-2.2574289539483505,
2020-04-13 10:00:00+00:00,43366.0,48498.543,-5132.54296875,-2.027491078156567,
2020-04-13 11:00:00+00:00,41744.0,46661.914,-4917.9140625,-1.9083715084840138,
2020-04-13 12:00:00+00:00,39513.0,44759.918,-5246.91796875,-2.0772243036169553,
2020-04-13 13:00:00+00:00,37810.0,43693.125,-5883.125,-2.4003952019745487,
2020-04-13 14:00:00+00:00,36753.0,42399.08,-5646.078125,-2.2514647578781193,
2020-04-13 15:00:00+00:00,36401.0,41390.71,-4989.7109375,-1.8842876567830698,
2020-04-13 16:00:00+00:00,37513.0,42310.977,-4797.9765625,-1.7680312003380132,
2020-04-13 17:00:00+00:00,39964.0,43974.348,-4010.34765625,-1.3461496921804508,
2020-04-13 18:00:00+00:00,39299.0,43182.4,-3883.3984375,-1.27320127019691,
2020-04-14 10:00:00+00:00,49207.0,48635.684,571.31640625,1.0098251598923593,
2020-04-14 20:00:00+00:00,44741.0,43878.645,862.35546875,1.1509715126315845,
2020-04-14 21:00:00+00:00,46815.0,45019.707,1795.29296875,1.6581057391922274,
2020-04-14 22:00:00+00:00,44897.0,43683.125,1213.875,1.333746646359024,
2020-04-14 23:00:00+00:00,42825.0,41557.61,1267.390625,1.3565683354949722,
2020-04-15 00:00:00+00:00,41562.0,39931.047,1630.953125,1.5481677407429142,
2020-04-15 01:00:00+00:00,39160.0,38192.34,967.66015625,1.1784931320398864,
2020-04-15 02:00:00+00:00,38323.0,37366.293,956.70703125,1.1662820050208587,
2020-04-15 03:00:00+00:00,39667.0,38474.832,1192.16796875,1.2882486754496745,
2020-04-15 04:00:00+00:00,41894.0,40612.707,1281.29296875,1.331256862801447,
2020-04-15 05:00:00+00:00,43311.0,42214.28,1096.71875,1.2292910581865597,
2020-04-15 06:00:00+00:00,45636.0,43683.273,1952.7265625,1.6880290526366515,
2020-04-15 07:00:00+00:00,46998.0,44234.14,2763.859375,2.114174708130167,
2020-04-15 08:00:00+00:00,47129.0,44627.086,2501.9140625,1.9564807717128758,
2020-04-15 09:00:00+00:00,47994.0,46667.12,1326.87890625,1.3187971600310788,
2020-04-15 10:00:00+00:00,49409.0,48530.418,878.58203125,1.076474461150948,
2020-04-15 12:00:00+00:00,45331.0,44476.46,854.5390625,1.0568704324565341,
2020-04-15 13:00:00+00:00,43441.0,42387.48,1053.51953125,1.1564951846555274,
2020-04-15 15:00:00+00:00,40416.0,39236.023,1179.9765625,1.213349398220389,
2020-04-15 16:00:00+00:00,41760.0,40000.746,1759.25390625,1.5107066031615803,
2020-04-15 17:00:00+00:00,44046.0,42335.812,1710.1875,1.4756080275832426,
2020-04-15 18:00:00+00:00,43468.0,42305.84,1162.16015625,1.1837006082161357,
2020-04-15 21:00:00+00:00,46633.0,45561.793,1071.20703125,1.1246845742053388,
2020-04-16 02:00:00+00:00,36748.0,39832.246,-3084.24609375,-1.0344223723087227,
2020-04-16 03:00:00+00:00,37751.0,41766.344,-4015.34375,-1.5112542099437445,
2020-04-16 04:00:00+00:00,39524.0,44770.824,-5246.82421875,-2.1356118609531274,
2020-04-16 05:00:00+00:00,40995.0,46992.016,-5997.015625,-2.498383972079282,
2020-04-16 06:00:00+00:00,43120.0,49524.453,-6404.453125,-2.676622134202415,
2020-04-16 07:00:00+00:00,45087.0,50055.66,-4968.66015625,-1.9183933073026487,
2020-04-16 08:00:00+00:00,45829.0,49744.21,-3915.2109375,-1.374149108274831,
2020-04-16 09:00:00+00:00,47100.0,50360.523,-3260.5234375,-1.0381928211237534,
2020-04-17 03:00:00+00:00,36087.0,39720.63,-3633.62890625,-1.202013121635981,
2020-04-17 04:00:00+00:00,37925.0,41758.18,-3833.1796875,-1.300535230098381,
2020-04-17 05:00:00+00:00,39137.0,43277.637,-4140.63671875,-1.4511651544251913,
2020-04-17 06:00:00+00:00,41437.0,45235.53,-3798.53125,-1.2697601836557078,
2020-04-17 14:00:00+00:00,40138.0,39164.11,973.890625,1.142547667555775,
2020-04-17 15:00:00+00:00,39318.0,37895.957,1422.04296875,1.3674630833026185,
2020-04-17 16:00:00+00:00,40535.0,39081.277,1453.72265625,1.3760802001482695,
2020-04-17 17:00:00+00:00,42352.0,41370.758,981.2421875,1.1319870472776834,
2020-04-18 05:00:00+00:00,33736.0,37462.652,-3726.65234375,-1.2285902944969276,
2020-04-18 06:00:00+00:00,35295.0,38859.1,-3564.1015625,-1.1402871206397924,
2020-04-19 04:00:00+00:00,31246.0,34610.47,-3364.46875,-1.0753186768460747,
2020-04-19 05:00:00+00:00,31091.0,34807.375,-3716.375,-1.2591939574109472,
2020-04-19 10:00:00+00:00,43819.0,42565.06,1253.94140625,1.2438303164894462,
2020-04-21 07:00:00+00:00,44332.0,43586.016,745.984375,1.1356579464754362,
2020-04-21 08:00:00+00:00,45704.0,43763.793,1940.20703125,1.7881401479055479,
2020-04-21 09:00:00+00:00,47329.0,45242.242,2086.7578125,1.8587006782469488,
2020-04-21 10:00:00+00:00,49247.0,47929.332,1317.66796875,1.427028753346548,
2020-04-21 12:00:00+00:00,45979.0,45139.117,839.8828125,1.1571120540207007,
2020-04-21 13:00:00+00:00,44120.0,43225.19,894.80859375,1.1812399849656803,
2020-04-21 14:00:00+00:00,42547.0,41674.69,872.30859375,1.1620445188913469,
2020-04-21 15:00:00+00:00,40855.0,39717.79,1137.2109375,1.2980738978078772,
2020-04-21 16:00:00+00:00,42249.0,40790.664,1458.3359375,1.4628926156876956,
2020-04-21 17:00:00+00:00,44676.0,43499.348,1176.65234375,1.3015963149139702,
2020-04-22 04:00:00+00:00,38777.0,42987.188,-4210.1875,-1.6463741461322858,
2020-04-22 05:00:00+00:00,40553.0,45772.12,-5219.12109375,-2.2070372174774118,
2020-04-22 06:00:00+00:00,43594.0,48588.703,-4994.703125,-2.0997527630606165,
2020-04-22 07:00:00+00:00,44972.0,49335.69,-4363.69140625,-1.77758695331955,
2020-04-22 08:00:00+00:00,45315.0,49531.426,-4216.42578125,-1.7145637103338556,
2020-04-22 09:00:00+00:00,46687.0,50381.074,-3694.07421875,-1.429673220415492,
2020-04-23 01:00:00+00:00,36751.0,40038.47,-3287.46875,-1.2069454067552534,
2020-04-23 02:00:00+00:00,35564.0,39399.855,-3835.85546875,-1.5109370041070935,
2020-04-23 03:00:00+00:00,36528.0,40714.848,-4186.84765625,-1.7001139775960485,
2020-04-23 04:00:00+00:00,38476.0,43121.57,-4645.5703125,-1.9465956674984877,
2020-04-23 05:00:00+00:00,40277.0,45685.18,-5408.1796875,-2.3567849152185354,
2020-04-23 06:00:00+00:00,43018.0,48852.117,-5834.1171875,-2.5680422127052753,
2020-04-23 07:00:00+00:00,44698.0,48936.812,-4238.8125,-1.6627675150198655,
2020-04-24 03:00:00+00:00,36472.0,39869.918,-3397.91796875,-1.1570487887590102,
2020-04-24 04:00:00+00:00,37795.0,42250.754,-4455.75390625,-1.7367858277228732,
2020-04-24 05:00:00+00:00,39454.0,44297.49,-4843.48828125,-1.94379174108778,
2020-04-24 06:00:00+00:00,41968.0,46883.2,-4915.19921875,-1.9779566652205598,
2020-04-24 07:00:00+00:00,43753.0,47444.555,-3691.5546875,-1.300681242678061,
2020-04-25 05:00:00+00:00,33347.0,36786.293,-3439.29296875,-1.1432950422761083,
2020-04-25 06:00:00+00:00,34966.0,38373.34,-3407.33984375,-1.121114852971266,
2020-04-26 10:00:00+00:00,42767.0,41717.527,1049.47265625,1.361198262193715,
2020-04-26 18:00:00+00:00,39543.0,39114.62,428.37890625,1.019586555591421,
2020-04-26 20:00:00+00:00,41217.0,40810.176,406.82421875,1.0103248924591994,
2020-04-26 21:00:00+00:00,43201.0,42066.004,1134.99609375,1.4110536417066184,
2020-04-28 04:00:00+00:00,37287.0,40181.254,-2894.25390625,-1.071409076420941,
2020-04-28 05:00:00+00:00,39162.0,42447.965,-3285.96484375,-1.3100376603141153,
2020-04-28 06:00:00+00:00,42119.0,45722.36,-3603.359375,-1.4998771632334345,
2020-04-28 10:00:00+00:00,49408.0,48468.12,939.87890625,1.3381236905687288,
2020-04-28 11:00:00+00:00,47923.0,47060.473,862.52734375,1.2882674070557134,
2020-04-28 12:00:00+00:00,46242.0,44426.465,1815.53515625,1.8775759635651605,
2020-04-28 13:00:00+00:00,44363.0,42687.69,1675.30859375,1.7772284596853432,
2020-04-28 14:00:00+00:00,43010.0,40885.85,2124.1484375,2.039164545157142,
2020-04-28 15:00:00+00:00,42130.0,39499.42,2630.578125,2.329773607953372,
2020-04-28 16:00:00+00:00,43171.0,41194.016,1976.984375,1.9075639053960072,
2020-04-28 17:00:00+00:00,45064.0,43839.023,1224.9765625,1.4382001113836274,
2020-04-28 20:00:00+00:00,44487.0,43916.746,570.25390625,1.038571494310201,
2020-04-28 21:00:00+00:00,45994.0,45443.53,550.46875,1.0277981417100277,
2020-04-29 03:00:00+00:00,37284.0,40284.465,-3000.46484375,-1.1067171948424206,
2020-04-29 04:00:00+00:00,38417.0,43271.555,-4854.5546875,-2.2373006833709734,
2020-04-29 05:00:00+00:00,40416.0,46800.98,-6384.98046875,-3.152021225970616,
2020-04-29 06:00:00+00:00,43262.0,49981.88,-6719.87890625,-3.3044872539912378,
2020-04-29 07:00:00+00:00,45174.0,50939.57,-5765.5703125,-2.6845724094037036,
2020-04-29 08:00:00+00:00,46054.0,50805.46,-4751.4609375,-2.059569682411955,
2020-04-29 09:00:00+00:00,47456.0,51807.094,-4351.09375,-1.8105427073864102,
2020-04-29 10:00:00+00:00,49189.0,52838.52,-3649.51953125,-1.3800450705169673,
2020-04-29 11:00:00+00:00,47445.0,51202.43,-3757.4296875,-1.4360657017999325,
2020-04-29 12:00:00+00:00,45455.0,49491.766,-4036.765625,-1.5927783046117931,
2020-04-29 13:00:00+00:00,43912.0,48318.117,-4406.1171875,-1.8018817071947428,
2020-04-29 14:00:00+00:00,42455.0,46181.9,-3726.8984375,-1.3860817341814957,
2020-04-30 06:00:00+00:00,44083.0,47612.965,-3529.96484375,-1.2939116563772453,
2020-04-30 10:00:00+00:00,50029.0,49643.98,385.01953125,1.1460003146688447,
2020-04-30 11:00:00+00:00,48622.0,47730.883,891.1171875,1.4620350986933288,
2020-04-30 12:00:00+00:00,46909.0,44982.84,1926.16015625,2.1095989929329892,
2020-04-30 13:00:00+00:00,44626.0,43206.09,1419.91015625,1.7724363217886128,
2020-04-30 14:00:00+00:00,42745.0,40994.305,1750.6953125,1.9655238919867317,
2020-04-30 15:00:00+00:00,41625.0,39819.555,1805.4453125,1.9822500770513165,
2020-04-30 16:00:00+00:00,42379.0,41835.438,543.5625,1.1815023849122008,
2020-05-01 01:00:00+00:00,36190.0,39823.754,-3633.75390625,-1.4250410265647488,
2020-05-01 02:00:00+00:00,34601.0,39124.35,-4523.3515625,-1.9704445298834585,
2020-05-01 03:00:00+00:00,34230.0,40580.793,-6350.79296875,-3.084122001202897,
2020-05-01 09:00:00+00:00,41502.0,49721.227,-8219.2265625,-3.367373303040579,
2020-05-01 10:00:00+00:00,44486.0,50875.91,-6389.91015625,-2.4065803745899097,
2020-05-01 11:00:00+00:00,42833.0,49473.676,-6640.67578125,-2.5006601944843343,
2020-05-01 12:00:00+00:00,40201.0,47343.375,-7142.375,-2.711998268043672,
2020-05-01 13:00:00+00:00,38986.0,45143.094,-6157.09375,-2.2050764738438735,
2020-05-01 14:00:00+00:00,37892.0,42448.387,-4556.38671875,-1.4246502645257808,
2020-05-01 15:00:00+00:00,37449.0,41361.94,-3912.94140625,-1.1111479875277712,
2020-05-02 17:00:00+00:00,42519.0,41805.062,713.9375,1.1001911547377943,
2020-05-02 18:00:00+00:00,42212.0,41507.668,704.33203125,1.09436144648574,
2020-05-02 21:00:00+00:00,45146.0,44071.773,1074.2265625,1.2710862378441428,
2020-05-05 08:00:00+00:00,45758.0,44908.0,850.0,1.196872972535621,
2020-05-05 09:00:00+00:00,46930.0,46342.867,587.1328125,1.07411133857278,
2020-05-05 10:00:00+00:00,48948.0,48054.84,893.16015625,1.2280238149527165,
2020-05-05 11:00:00+00:00,47755.0,47128.176,626.82421875,1.1003809379949134,
2020-05-05 12:00:00+00:00,46269.0,44756.035,1512.96484375,1.5298171678982142,
2020-05-05 13:00:00+00:00,44572.0,42502.438,2069.5625,1.796522362023011,
2020-05-05 14:00:00+00:00,43055.0,40933.695,2121.3046875,1.8152591680336838,
2020-05-05 15:00:00+00:00,42148.0,39882.566,2265.43359375,1.8780265282291129,
2020-05-05 16:00:00+00:00,43266.0,40617.758,2648.2421875,2.05559273026919,
2020-05-05 17:00:00+00:00,45241.0,42657.582,2583.41796875,2.0166611433699484,
2020-05-05 18:00:00+00:00,43915.0,41757.37,2157.62890625,1.804495166273045,
2020-05-05 19:00:00+00:00,43159.0,41428.605,1730.39453125,1.5925375523351293,
2020-05-05 20:00:00+00:00,44360.0,42309.4,2050.6015625,1.7376508348312205,
2020-05-05 21:00:00+00:00,45823.0,43798.74,2024.26171875,1.7158689222359882,
2020-05-05 22:00:00+00:00,43046.0,42047.086,998.9140625,1.224659179800523,
2020-05-05 23:00:00+00:00,40452.0,39719.793,732.20703125,1.0938809010289796,
2020-05-06 00:00:00+00:00,38912.0,38188.516,723.484375,1.0860434158811523,
2020-05-07 03:00:00+00:00,36485.0,40589.324,-4104.32421875,-1.24998266665813,
2020-05-07 04:00:00+00:00,38031.0,43246.688,-5215.6875,-1.7821136833378066,
2020-05-07 05:00:00+00:00,40538.0,46565.465,-6027.46484375,-2.166873237741967,
2020-05-07 06:00:00+00:00,43439.0,49638.996,-6199.99609375,-2.2444578297586544,
2020-05-07 07:00:00+00:00,44687.0,49743.625,-5056.625,-1.6965930135498655,
2020-05-07 08:00:00+00:00,44822.0,48539.113,-3717.11328125,-1.0552978446916903,
2020-05-07 15:00:00+00:00,41189.0,40442.8,746.19921875,1.066143283899747,
2020-05-07 16:00:00+00:00,41919.0,41180.53,738.46875,1.0595371619066576,
2020-05-07 20:00:00+00:00,43350.0,42540.19,809.80859375,1.0768750256082709,
2020-05-07 21:00:00+00:00,45140.0,43665.293,1474.70703125,1.3856299225283308,
2020-05-08 03:00:00+00:00,32992.0,37416.543,-4424.54296875,-1.3994030457667457,
2020-05-08 04:00:00+00:00,32718.0,39356.473,-6638.47265625,-2.4342804018047968,
2020-05-08 05:00:00+00:00,33198.0,41522.473,-8324.47265625,-3.2034957643005595,
2020-05-08 06:00:00+00:00,34822.0,43614.29,-8792.2890625,-3.3780808517646417,
2020-05-08 07:00:00+00:00,36960.0,44429.426,-7469.42578125,-2.726990995658705,
2020-05-08 08:00:00+00:00,38556.0,44492.69,-5936.69140625,-2.005207566315888,
2020-05-08 09:00:00+00:00,40348.0,45436.387,-5088.38671875,-1.609646373959828,
2020-05-08 11:00:00+00:00,41665.0,45973.39,-4308.390625,-1.2481865990395273,
2020-05-08 12:00:00+00:00,39970.0,43925.96,-3955.9609375,-1.0854287727909124,
2020-05-09 06:00:00+00:00,34063.0,38457.863,-4394.86328125,-1.2488476628416656,
2020-05-09 07:00:00+00:00,36281.0,41010.7,-4729.69921875,-1.3942407802746317,
2020-05-09 08:00:00+00:00,37959.0,42207.1,-4248.1015625,-1.1749257764412058,
2020-05-10 04:00:00+00:00,29398.0,33549.582,-4151.58203125,-1.1085896856117754,
2020-05-10 05:00:00+00:00,29886.0,34038.76,-4152.76171875,-1.105302504908646,
2020-05-11 03:00:00+00:00,35259.0,33925.953,1333.046875,1.328129010892879,
2020-05-11 04:00:00+00:00,36885.0,35653.05,1231.94921875,1.279358150050134,
2020-05-11 05:00:00+00:00,40282.0,38232.035,2049.96484375,1.6338240482764232,
2020-05-11 06:00:00+00:00,44001.0,41223.824,2777.17578125,1.9415352870650178,
2020-05-11 07:00:00+00:00,46435.0,43199.715,3235.28515625,2.125140436716598,
2020-05-11 08:00:00+00:00,47372.0,43962.926,3409.07421875,2.1812493150032015,
2020-05-11 09:00:00+00:00,48926.0,45330.734,3595.265625,2.2412794429317957,
2020-05-11 10:00:00+00:00,50867.0,46861.527,4005.47265625,2.3955526443152815,
2020-05-11 11:00:00+00:00,49842.0,45304.57,4537.4296875,2.5962502812499433,
2020-05-11 12:00:00+00:00,48396.0,44143.133,4252.8671875,2.4460167593273816,
2020-05-11 13:00:00+00:00,46596.0,44131.44,2464.55859375,1.6760794683170492,
2020-05-11 14:00:00+00:00,45292.0,43418.625,1873.375,1.4201802724489867,
2020-05-11 15:00:00+00:00,44376.0,42633.934,1742.06640625,1.358883670120148,
2020-05-11 16:00:00+00:00,45779.0,44070.516,1708.484375,1.3386813210687887,
2020-05-11 17:00:00+00:00,47186.0,45696.066,1489.93359375,1.2434170920471588,
2020-05-11 18:00:00+00:00,45458.0,43890.055,1567.9453125,1.2721298029121884,
2020-05-11 19:00:00+00:00,44317.0,42745.27,1571.73046875,1.269930736553678,
2020-05-11 20:00:00+00:00,45590.0,43434.914,2155.0859375,1.502652926492144,
2020-05-11 21:00:00+00:00,47257.0,44606.82,2650.1796875,1.696758299111323,
2020-05-11 22:00:00+00:00,44498.0,42778.746,1719.25390625,1.3099298656070388,
2020-05-11 23:00:00+00:00,42093.0,40437.703,1655.296875,1.2777484225499043,
2020-05-12 00:00:00+00:00,40729.0,38815.297,1913.703125,1.3759913524846283,
2020-05-12 04:00:00+00:00,41571.0,39897.973,1673.02734375,1.2568118438088225,
2020-05-12 05:00:00+00:00,45141.0,42257.34,2883.66015625,1.7343220969627948,
2020-05-12 06:00:00+00:00,48497.0,45224.246,3272.75390625,1.8761136453024483,
2020-05-12 07:00:00+00:00,49392.0,47825.457,1566.54296875,1.181695253839119,
2020-05-13 12:00:00+00:00,49836.0,48626.836,1209.1640625,1.0492211188002236,
2020-05-13 13:00:00+00:00,48051.0,46764.344,1286.65625,1.0750248545920054,
2020-05-13 14:00:00+00:00,46766.0,44713.465,2052.53515625,1.3853155184105361,
2020-05-13 15:00:00+00:00,45908.0,43563.0,2345.0,1.4970776848728538,
2020-05-13 16:00:00+00:00,46983.0,44922.273,2060.7265625,1.3696818476244854,
2020-05-13 17:00:00+00:00,48361.0,46976.72,1384.28125,1.0833630473854041,
2020-05-16 09:00:00+00:00,43374.0,46286.668,-2912.66796875,-1.061760925771743,
2020-05-16 21:00:00+00:00,44241.0,43224.77,1016.23046875,1.0213826697749415,
2020-05-17 04:00:00+00:00,32706.0,35789.223,-3083.22265625,-1.1314031106976818,
2020-05-17 19:00:00+00:00,39864.0,38679.64,1184.359375,1.094260733123235,
2020-05-17 20:00:00+00:00,41759.0,40352.668,1406.33203125,1.2056267176105258,
2020-05-17 21:00:00+00:00,43426.0,42144.156,1281.84375,1.1344817982500948,
2020-05-18 05:00:00+00:00,41704.0,39626.35,2077.6484375,1.5318812066977225,
2020-05-18 06:00:00+00:00,44897.0,41830.2,3066.80078125,2.0386480179051647,
2020-05-18 07:00:00+00:00,46642.0,43079.316,3562.68359375,2.277478325263827,
2020-05-18 08:00:00+00:00,47162.0,43598.035,3563.96484375,2.2539231976483873,
2020-05-18 09:00:00+00:00,48008.0,45120.035,2887.96484375,1.8844720935085897,
2020-05-18 10:00:00+00:00,49487.0,46919.184,2567.81640625,1.7053761910397018,
2020-05-18 11:00:00+00:00,48211.0,46067.74,2143.26171875,1.4773076861569316,
2020-05-18 12:00:00+00:00,47030.0,43943.297,3086.703125,1.9453005778902936,
2020-05-18 13:00:00+00:00,45307.0,42280.523,3026.4765625,1.8985605730867536,
2020-05-18 14:00:00+00:00,43978.0,41043.223,2934.77734375,1.8368521132760143,
2020-05-18 15:00:00+00:00,43053.0,40517.09,2535.91015625,1.6234099330765646,
2020-05-18 16:00:00+00:00,43833.0,41855.03,1977.96875,1.3346354994178222,
2020-05-19 04:00:00+00:00,38058.0,40789.57,-2731.5703125,-1.017174309004349,
2020-05-19 21:00:00+00:00,44890.0,43653.082,1236.91796875,1.0047807654777428,
2020-05-21 02:00:00+00:00,32834.0,35651.305,-2817.3046875,-1.1101516469234882,
2020-05-21 03:00:00+00:00,32119.0,36782.812,-4663.8125,-2.060970018429479,
2020-05-21 04:00:00+00:00,31821.0,38530.9,-6709.8984375,-3.1056590065055136,
2020-05-21 06:00:00+00:00,35171.0,42549.453,-7378.453125,-3.3982762633638024,
2020-05-21 07:00:00+00:00,37815.0,44954.754,-7139.75390625,-3.2578859122976818,
2020-05-21 08:00:00+00:00,39765.0,46334.36,-6569.359375,-2.942821955198827,
2020-05-21 09:00:00+00:00,41348.0,47965.0,-6617.0,-2.9347774274582368,
2020-05-21 10:00:00+00:00,43609.0,49429.98,-5820.98046875,-2.5080355095337215,
2020-05-21 11:00:00+00:00,41967.0,48511.18,-6544.1796875,-2.830228762500198,
2020-05-21 12:00:00+00:00,40254.0,46940.98,-6686.98046875,-2.8589284571470674,
2020-05-21 13:00:00+00:00,38896.0,45262.01,-6366.01171875,-2.6649949610803354,
2020-05-21 14:00:00+00:00,38041.0,44200.04,-6159.0390625,-2.5325578877398485,
2020-05-21 15:00:00+00:00,37951.0,43331.85,-5380.8515625,-2.139794744584337,
2020-05-21 16:00:00+00:00,38935.0,43195.934,-4260.93359375,-1.602073960405584,
2020-05-21 17:00:00+00:00,40189.0,43662.938,-3473.9375,-1.2285029611331821,
2020-05-22 12:00:00+00:00,43468.0,41957.117,1510.8828125,1.1235807502045936,
2020-05-22 13:00:00+00:00,42101.0,40699.16,1401.83984375,1.0625497256067387,
2020-05-22 14:00:00+00:00,40934.0,39429.66,1504.33984375,1.108778539124198,
2020-05-22 15:00:00+00:00,40591.0,39061.145,1529.85546875,1.1154474180989244,
2020-05-22 16:00:00+00:00,41184.0,39835.062,1348.9375,1.016928423990096,
2020-05-23 06:00:00+00:00,34562.0,37634.113,-3072.11328125,-1.2735553320153927,
2020-05-23 07:00:00+00:00,37237.0,40013.68,-2776.6796875,-1.1279199350126077,
2020-05-23 21:00:00+00:00,41959.0,40317.46,1641.5390625,1.1164299107013338,
2020-05-24 08:00:00+00:00,37560.0,35799.18,1760.8203125,1.1659448138492634,
2020-05-24 09:00:00+00:00,39341.0,37875.504,1465.49609375,1.0015831607194714,
2020-05-24 10:00:00+00:00,41618.0,40028.625,1589.375,1.0623867223426042,
2020-05-24 21:00:00+00:00,41848.0,40147.02,1700.98046875,1.115650278297277,
2020-05-25 04:00:00+00:00,36224.0,34519.668,1704.33203125,1.1154272458985994,
2020-05-25 05:00:00+00:00,39965.0,36976.42,2988.578125,1.7935615690422557,
2020-05-25 06:00:00+00:00,43394.0,39452.344,3941.65625,2.2912829510015036,
2020-05-25 07:00:00+00:00,45324.0,41426.805,3897.1953125,2.2577965024902826,
2020-05-25 08:00:00+00:00,46060.0,42875.883,3184.1171875,1.8775248039808397,
2020-05-25 09:00:00+00:00,46962.0,44531.293,2430.70703125,1.4833333017012829,
2020-05-25 10:00:00+00:00,48834.0,46317.637,2516.36328125,1.535168293645337,
2020-05-25 11:00:00+00:00,47947.0,45638.695,2308.3046875,1.4343146993082612,
2020-05-25 12:00:00+00:00,47018.0,43494.246,3523.75390625,2.0963666537142536,
2020-05-25 13:00:00+00:00,45418.0,42152.47,3265.53125,1.9650322179354645,
2020-05-25 14:00:00+00:00,43933.0,41486.934,2446.06640625,1.5221842304940865,
2020-05-25 15:00:00+00:00,42920.0,41446.227,1473.7734375,1.0012844545131367,
2020-05-25 16:00:00+00:00,43434.0,41893.188,1540.8125,1.0379066126294798,
2020-05-31 01:00:00+00:00,31874.0,34607.355,-2733.35546875,-1.2963293845251853,
2020-05-31 02:00:00+00:00,30439.0,33093.953,-2654.953125,-1.249094119204691,
2020-05-31 03:00:00+00:00,29848.0,32863.35,-3015.3515625,-1.4494791720402378,
2020-05-31 04:00:00+00:00,29431.0,32923.887,-3492.88671875,-1.714300843240351,
2020-05-31 05:00:00+00:00,30506.0,33585.785,-3079.78515625,-1.4800483164093179,
2020-06-01 01:00:00+00:00,31404.0,34245.082,-2841.08203125,-1.298345541746496,
2020-06-01 02:00:00+00:00,30377.0,33077.586,-2700.5859375,-1.2142950697753057,
2020-06-01 03:00:00+00:00,30382.0,33762.83,-3380.828125,-1.586919068062044,
2020-06-01 04:00:00+00:00,30585.0,35746.465,-5161.46484375,-2.563067694049747,
2020-06-01 05:00:00+00:00,32147.0,38705.0,-6558.0,-3.2986600792895824,
2020-06-01 06:00:00+00:00,34693.0,41642.566,-6949.56640625,-3.455294897948109,
2020-06-01 07:00:00+00:00,37207.0,43530.723,-6323.72265625,-3.063487492094851,
2020-06-01 08:00:00+00:00,39114.0,44378.117,-5264.1171875,-2.4635623862403215,
2020-06-01 09:00:00+00:00,40650.0,45174.793,-4524.79296875,-2.052429794703281,
2020-06-01 10:00:00+00:00,42983.0,46564.74,-3581.73828125,-1.5373127985001136,
2020-06-01 11:00:00+00:00,42038.0,46220.426,-4182.42578125,-1.848941566434058,
2020-06-01 12:00:00+00:00,40761.0,45009.863,-4248.86328125,-1.871294380959542,
2020-06-01 13:00:00+00:00,39341.0,44244.375,-4903.375,-2.2097805869920593,
2020-06-01 14:00:00+00:00,37887.0,43213.402,-5326.40234375,-2.4194721954834773,
2020-06-01 15:00:00+00:00,37444.0,42464.35,-5020.3515625,-2.237391071535794,
2020-06-01 16:00:00+00:00,38665.0,42488.152,-3823.15234375,-1.586657069330205,
2020-06-02 05:00:00+00:00,40481.0,38662.75,1818.25,1.4144384349609125,
2020-06-02 06:00:00+00:00,44189.0,42161.418,2027.58203125,1.5155849980419134,
2020-06-02 07:00:00+00:00,46531.0,44870.1,1660.8984375,1.3127872396138727,
2020-06-02 08:00:00+00:00,47875.0,46032.984,1842.015625,1.4005943443066875,
2020-06-02 09:00:00+00:00,49281.0,47141.555,2139.4453125,1.5475145523975413,
2020-06-02 10:00:00+00:00,50730.0,47834.31,2895.69140625,1.9316339262382298,
2020-06-02 11:00:00+00:00,50016.0,46652.043,3363.95703125,2.1598603162925936,
2020-06-02 12:00:00+00:00,49368.0,45602.14,3765.859375,2.3463128870715555,
2020-06-02 13:00:00+00:00,47996.0,44633.043,3362.95703125,2.116347858396957,
2020-06-02 14:00:00+00:00,46757.0,42715.77,4041.23046875,2.4433620177844224,
2020-06-02 15:00:00+00:00,45709.0,41455.76,4253.23828125,2.523417103127589,
2020-06-02 16:00:00+00:00,46144.0,41844.625,4299.375,2.5175860824541374,
2020-06-02 17:00:00+00:00,46269.0,42791.695,3477.3046875,2.0834402474510854,
2020-06-02 18:00:00+00:00,44074.0,41419.13,2654.87109375,1.662682317010227,
2020-06-02 19:00:00+00:00,42500.0,40775.16,1724.83984375,1.1986691857235425,
2020-06-02 20:00:00+00:00,44801.0,42672.754,2128.24609375,1.3919064144094695,
2020-06-02 21:00:00+00:00,45734.0,43620.016,2113.984375,1.3802851269761947,
2020-06-06 01:00:00+00:00,33945.0,36179.336,-2234.3359375,-1.0483008376625977,
2020-06-06 03:00:00+00:00,32210.0,34745.773,-2535.7734375,-1.2276940945905408,
2020-06-06 04:00:00+00:00,32388.0,35117.363,-2729.36328125,-1.3426738247835435,
2020-06-06 05:00:00+00:00,33905.0,36134.086,-2229.0859375,-1.0391755951395083,
2020-06-06 09:00:00+00:00,41318.0,43553.758,-2235.7578125,-1.0581744812625462,
2020-06-07 00:00:00+00:00,35169.0,37625.812,-2456.8125,-1.1438543624995514,
2020-06-07 01:00:00+00:00,32532.0,35727.367,-3195.3671875,-1.585419858119749,
2020-06-07 02:00:00+00:00,31205.0,34153.56,-2948.55859375,-1.4269288923036183,
2020-06-07 03:00:00+00:00,30583.0,33888.004,-3305.00390625,-1.6336930938766796,
2020-06-07 04:00:00+00:00,30279.0,34087.5,-3808.5,-1.925349391182203,
2020-06-07 05:00:00+00:00,31270.0,35004.035,-3734.03515625,-1.8669130734879515,
2020-06-07 06:00:00+00:00,33555.0,36315.71,-2760.7109375,-1.2749770906532485,
2020-06-08 05:00:00+00:00,41517.0,39809.723,1707.27734375,1.43709762525196,
2020-06-08 06:00:00+00:00,44829.0,43047.906,1781.09375,1.4900368613871424,
2020-06-08 07:00:00+00:00,46885.0,45310.324,1574.67578125,1.380788984187248,
2020-06-08 08:00:00+00:00,47704.0,46500.492,1203.5078125,1.169250398862477,
2020-06-08 09:00:00+00:00,48644.0,47452.406,1191.59375,1.1731388490335197,
2020-06-08 10:00:00+00:00,50196.0,48184.24,2011.76171875,1.6887458482403226,
2020-06-08 11:00:00+00:00,49028.0,46862.668,2165.33203125,1.788087948815895,
2020-06-08 12:00:00+00:00,47820.0,45136.082,2683.91796875,2.1118496251548167,
2020-06-08 13:00:00+00:00,46203.0,44548.01,1654.98828125,1.4787427087837821,
2020-06-08 15:00:00+00:00,43604.0,42633.758,970.2421875,1.0686386158970116,
2020-06-08 16:00:00+00:00,44673.0,42775.0,1898.0,1.6570362835568397,
2020-06-08 17:00:00+00:00,45657.0,43918.184,1738.81640625,1.5541729561063806,
2020-06-08 18:00:00+00:00,43263.0,41919.402,1343.59765625,1.3030177020599711,
2020-06-08 19:00:00+00:00,41657.0,40708.203,948.796875,1.0515802803324283,
2020-06-08 20:00:00+00:00,43519.0,42108.883,1410.1171875,1.3399498618329577,
2020-06-08 21:00:00+00:00,44623.0,43241.12,1381.87890625,1.320341223534674,
2020-06-09 04:00:00+00:00,38629.0,37740.08,888.921875,1.002178155834649,
2020-06-09 05:00:00+00:00,43153.0,40855.883,2297.1171875,1.8799340867390726,
2020-06-09 06:00:00+00:00,46534.0,43932.242,2601.7578125,2.0578087495169735,
2020-06-09 07:00:00+00:00,48075.0,46555.46,1519.5390625,1.374027510440377,
2020-06-09 08:00:00+00:00,49209.0,48043.613,1165.38671875,1.1499669237934262,
2020-06-09 09:00:00+00:00,50263.0,48897.965,1365.03515625,1.2681681105051794,
2020-06-09 10:00:00+00:00,51632.0,49664.125,1967.875,1.6343036169224703,
2020-06-09 11:00:00+00:00,50452.0,48972.504,1479.49609375,1.3249579014180803,
2020-06-09 12:00:00+00:00,49183.0,47550.906,1632.09375,1.4121599842595958,
2020-06-09 13:00:00+00:00,47489.0,45903.094,1585.90625,1.3775756809445547,
2020-06-09 14:00:00+00:00,45853.0,44483.816,1369.18359375,1.2414514748101089,
2020-06-09 15:00:00+00:00,44956.0,43298.668,1657.33203125,1.4141415148756928,
2020-06-09 16:00:00+00:00,46028.0,43998.164,2029.8359375,1.6351966537024292,
2020-06-09 17:00:00+00:00,46839.0,45113.723,1725.27734375,1.4425997060648623,
2020-06-09 18:00:00+00:00,44513.0,42724.14,1788.859375,1.4743164235568205,
2020-06-09 19:00:00+00:00,42729.0,41407.836,1321.1640625,1.185756552724701,
2020-06-09 20:00:00+00:00,44760.0,43050.44,1709.55859375,1.4154087216498261,
2020-06-09 21:00:00+00:00,45597.0,44023.242,1573.7578125,1.3278954051409182,
2020-06-10 05:00:00+00:00,43054.0,41678.543,1375.45703125,1.184104750956299,
2020-06-10 06:00:00+00:00,47093.0,44835.344,2257.65625,1.7058892754789168,
2020-06-10 07:00:00+00:00,49114.0,47263.883,1850.1171875,1.4528766748594255,
2020-06-10 10:00:00+00:00,52486.0,50881.766,1604.234375,1.291472288490676,
2020-06-13 02:00:00+00:00,32973.0,35401.883,-2428.8828125,-1.0729550909473429,
2020-06-13 03:00:00+00:00,32858.0,35661.73,-2803.73046875,-1.2901944066275435,
2020-06-13 04:00:00+00:00,33205.0,36147.605,-2942.60546875,-1.3679864283221674,
2020-06-13 05:00:00+00:00,34898.0,37302.555,-2404.5546875,-1.0501192217711706,
2020-06-13 08:00:00+00:00,41577.0,43982.297,-2405.296875,-1.04581014251115,
2020-06-13 09:00:00+00:00,42705.0,45755.562,-3050.5625,-1.4173457733323556,
2020-06-13 12:00:00+00:00,41902.0,44274.445,-2372.4453125,-1.0146407515781395,
2020-06-14 01:00:00+00:00,32550.0,35354.363,-2804.36328125,-1.2489009038967358,
2020-06-14 03:00:00+00:00,30650.0,33266.7,-2616.69921875,-1.1418793262314841,
2020-06-14 04:00:00+00:00,30323.0,33492.75,-3169.75,-1.4637581873105592,
2020-06-14 05:00:00+00:00,31216.0,34075.7,-2859.69921875,-1.285917680908572,
2020-06-14 20:00:00+00:00,41094.0,39951.062,1142.9375,1.006774170880263,
2020-06-14 21:00:00+00:00,42364.0,41173.797,1190.203125,1.0292633518248482,
2020-06-15 04:00:00+00:00,36948.0,35354.88,1593.12109375,1.2546022103708971,
2020-06-15 05:00:00+00:00,41389.0,38046.03,3342.96875,2.284732462980481,
2020-06-15 06:00:00+00:00,45033.0,40872.21,4160.7890625,2.78043158990188,
2020-06-15 07:00:00+00:00,47225.0,43153.47,4071.53125,2.7368161454574764,
2020-06-15 08:00:00+00:00,48122.0,44832.54,3289.4609375,2.2641496218244677,
2020-06-15 09:00:00+00:00,49055.0,46312.145,2742.85546875,1.9270510114486517,
2020-06-15 10:00:00+00:00,50514.0,47405.07,3108.9296875,2.1456554338802416,
2020-06-15 11:00:00+00:00,49337.0,46445.664,2891.3359375,1.997960973899881,
2020-06-15 12:00:00+00:00,48112.0,44353.92,3758.078125,2.5210840614149808,
2020-06-15 13:00:00+00:00,46684.0,43232.965,3451.03515625,2.3161821410243357,
2020-06-15 14:00:00+00:00,45663.0,42687.453,2975.546875,2.0173118334387294,
2020-06-15 15:00:00+00:00,44704.0,42887.047,1816.953125,1.3002121797750383,
2020-06-15 16:00:00+00:00,45857.0,43968.465,1888.53515625,1.346109996766695,
2020-06-17 05:00:00+00:00,38446.0,42275.555,-3829.5546875,-2.4760033205311536,
2020-06-18 05:00:00+00:00,42812.0,39686.984,3125.015625,2.455310421767396,
2020-06-18 06:00:00+00:00,46098.0,43977.34,2120.66015625,1.714701231983112,
2020-06-19 17:00:00+00:00,43956.0,45998.574,-2042.57421875,-1.2182211678431145,
2020-06-20 03:00:00+00:00,32811.0,34552.38,-1741.37890625,-1.0222584822158989,
2020-06-20 04:00:00+00:00,33132.0,35028.164,-1896.1640625,-1.136108269116898,
2020-06-20 22:00:00+00:00,39929.0,41576.574,-1647.57421875,-1.0108491126062553,
2020-06-20 23:00:00+00:00,37132.0,39411.125,-2279.125,-1.4702547279779676,
2020-06-21 00:00:00+00:00,35062.0,37870.69,-2808.69140625,-1.8533103954980208,
2020-06-21 01:00:00+00:00,32469.0,36029.887,-3560.88671875,-2.39441240758957,
2020-06-21 02:00:00+00:00,31340.5,34494.043,-3153.54296875,-2.0951482764545726,
2020-06-21 03:00:00+00:00,30212.0,34235.32,-4023.3203125,-2.720531189601359,
2020-06-21 04:00:00+00:00,29912.0,34602.066,-4690.06640625,-3.188075020541968,
2020-06-21 05:00:00+00:00,30863.0,35559.465,-4696.46484375,-3.173652640968954,
2020-06-21 06:00:00+00:00,33204.0,36840.156,-3636.15625,-2.3995390079047145,
2020-06-21 07:00:00+00:00,36181.0,38199.656,-2018.65625,-1.2428940954278724,
2020-06-21 09:00:00+00:00,40076.0,41949.027,-1873.02734375,-1.1323486018184115,
2020-06-21 11:00:00+00:00,40426.0,42887.766,-2461.765625,-1.537406082889855,
2020-06-21 12:00:00+00:00,38349.0,40831.984,-2482.984375,-1.5449052564967878,
2020-06-21 13:00:00+00:00,36878.0,38843.28,-1965.28125,-1.179204695090421,
2020-06-21 14:00:00+00:00,35888.0,37797.695,-1909.6953125,-1.138103726720357,
2020-06-21 15:00:00+00:00,35842.0,37756.12,-1914.12109375,-1.1382722149485343,
2020-06-21 22:00:00+00:00,39080.0,41133.78,-2053.78125,-1.2309971063798706,
2020-06-21 23:00:00+00:00,36630.0,38742.434,-2112.43359375,-1.267407519929886,
2020-06-22 00:00:00+00:00,34963.0,36874.203,-1911.203125,-1.1233150715398719,
2020-06-22 01:00:00+00:00,32914.0,35196.242,-2282.2421875,-1.3785094677177359,
2020-06-22 04:00:00+00:00,37370.0,36161.047,1208.953125,1.0521792681281652,
2020-06-22 05:00:00+00:00,41969.0,39136.992,2832.0078125,2.1770965323783513,
2020-06-22 06:00:00+00:00,45543.0,42272.535,3270.46484375,2.468747075800764,
2020-06-22 07:00:00+00:00,47622.0,44511.758,3110.2421875,2.341025850224587,
2020-06-22 08:00:00+00:00,48479.0,45814.96,2664.0390625,2.019968859631061,
2020-06-22 09:00:00+00:00,49590.0,46954.418,2635.58203125,1.9886139186647438,
2020-06-22 10:00:00+00:00,51101.0,47880.754,3220.24609375,2.372845283608062,
2020-06-22 11:00:00+00:00,50326.0,46857.59,3468.41015625,2.5263577325539432,
2020-06-22 12:00:00+00:00,49426.0,45193.24,4232.76171875,3.0222757822390403,
2020-06-22 13:00:00+00:00,48231.0,44252.75,3978.25,2.826882756623631,
2020-06-22 14:00:00+00:00,46926.0,43471.88,3454.12109375,2.450744679749919,
2020-06-22 15:00:00+00:00,46014.0,42979.45,3034.55078125,2.15127995632205,
2020-06-22 16:00:00+00:00,46823.0,43595.31,3227.69140625,2.2601195296234886,
2020-06-22 17:00:00+00:00,47652.0,44789.29,2862.7109375,2.011052397985125,
2020-06-22 18:00:00+00:00,47652.0,42842.676,4809.32421875,3.2558475198204677,
2020-06-22 19:00:00+00:00,45210.0,41491.1,3718.8984375,2.5113153878108356,
2020-06-22 20:00:00+00:00,44647.0,43040.004,1606.99609375,1.1546228096361082,
2020-06-22 21:00:00+00:00,46267.0,44055.977,2211.0234375,1.53412885685869,
2020-06-23 14:00:00+00:00,48019.0,46570.348,1448.65234375,1.093565790182879,
2020-06-23 15:00:00+00:00,47169.0,45845.734,1323.265625,1.0130988019170433,
2020-06-23 18:00:00+00:00,45261.0,47182.777,-1921.77734375,-1.0610967026023335,
2020-06-24 01:00:00+00:00,35511.0,37456.445,-1945.4453125,-1.0571769792796735,
2020-06-24 02:00:00+00:00,34771.0,36796.625,-2025.625,-1.1035893132462529,
2020-06-24 03:00:00+00:00,35824.0,37957.566,-2133.56640625,-1.166876501897913,
2020-06-24 04:00:00+00:00,38367.0,40657.27,-2290.26953125,-1.2607669995919597,
2020-06-24 11:00:00+00:00,52845.0,51494.062,1350.9375,1.1116873244318204,
2020-06-24 12:00:00+00:00,52251.0,50824.145,1426.85546875,1.1599132390407147,
2020-06-24 13:00:00+00:00,50999.0,49402.47,1596.53125,1.2672954929136964,
2020-06-24 14:00:00+00:00,49613.0,48104.55,1508.44921875,1.2060488996069143,
2020-06-24 20:00:00+00:00,46773.0,45430.156,1342.84375,1.0875652608355653,
2020-06-24 21:00:00+00:00,47862.0,45661.23,2200.76953125,1.6344984449574071,
2020-06-25 02:00:00+00:00,35468.0,37377.668,-1909.66796875,-1.0113901695161587,
2020-06-25 03:00:00+00:00,36453.0,38805.94,-2352.94140625,-1.2924081318160505,
2020-06-25 06:00:00+00:00,47241.0,45814.66,1426.33984375,1.122926978642188,
2020-06-25 13:00:00+00:00,52000.0,50476.285,1523.71484375,1.1636261296353925,
2020-06-25 14:00:00+00:00,50811.0,48633.504,2177.49609375,1.5736892757424497,
2020-06-25 15:00:00+00:00,49864.0,47608.133,2255.8671875,1.6140639935060226,
2020-06-25 16:00:00+00:00,49881.0,48474.39,1406.609375,1.069567570015107,
2020-06-25 21:00:00+00:00,47414.0,46004.85,1409.1484375,1.055597952112419,
2020-06-27 00:00:00+00:00,36874.0,39129.098,-2255.09765625,-1.2566358672736668,
2020-06-27 01:00:00+00:00,34403.0,37565.75,-3162.75,-1.824889048245518,
2020-06-27 02:00:00+00:00,33091.0,36254.12,-3163.12109375,-1.8189483560379962,
2020-06-27 03:00:00+00:00,32914.0,36311.883,-3397.8828125,-1.960346353877289,
2020-06-27 04:00:00+00:00,33227.0,36880.254,-3653.25390625,-2.114683130152817,
2020-06-27 05:00:00+00:00,34751.0,38179.555,-3428.5546875,-1.9683146399246605,
2020-06-27 06:00:00+00:00,37442.0,39831.613,-2389.61328125,-1.3159483306579143,
2020-06-27 08:00:00+00:00,41687.0,44207.137,-2520.13671875,-1.3916618938921654,
2020-06-27 09:00:00+00:00,43044.0,46118.695,-3074.6953125,-1.7341391183367987,
2020-06-27 10:00:00+00:00,45110.0,47773.074,-2663.07421875,-1.4793243904480229,
2020-06-27 11:00:00+00:00,43901.0,47572.23,-3671.23046875,-2.0961750593796746,
2020-06-27 12:00:00+00:00,42504.0,46476.992,-3972.9921875,-2.2677272051881485,
2020-06-27 13:00:00+00:00,41214.0,44263.758,-3049.7578125,-1.6890861186066182,
2020-06-27 14:00:00+00:00,40324.0,42767.03,-2443.03125,-1.3128163095772498,
2020-06-27 15:00:00+00:00,40217.0,42761.297,-2544.296875,-1.371238118453086,
2020-06-27 16:00:00+00:00,41071.0,43831.43,-2760.4296875,-1.4982150242249852,
2020-06-27 17:00:00+00:00,41285.0,44090.16,-2805.16015625,-1.5193578124057783,
2020-06-27 18:00:00+00:00,39500.0,42524.83,-3024.828125,-1.6476134506098898,
2020-06-27 19:00:00+00:00,38638.0,41769.945,-3131.9453125,-1.705048358454035,
2020-06-27 22:00:00+00:00,39607.0,42020.934,-2413.93359375,-1.257792380378309,
2020-06-27 23:00:00+00:00,36986.0,39736.8,-2750.80078125,-1.4548652159938922,
2020-06-28 00:00:00+00:00,35027.0,38361.098,-3334.09765625,-1.7992621786213745,
2020-06-28 01:00:00+00:00,32555.0,36583.676,-4028.67578125,-2.205641352506977,
2020-06-28 02:00:00+00:00,31322.0,35010.45,-3688.44921875,-1.9927442630240915,
2020-06-28 03:00:00+00:00,30791.0,34915.824,-4124.82421875,-2.2399637392276195,
2020-06-28 04:00:00+00:00,30530.0,34978.223,-4448.22265625,-2.417038914401299,
2020-06-28 05:00:00+00:00,31591.0,35759.152,-4168.15234375,-2.2397920355522714,
2020-06-28 06:00:00+00:00,33487.0,37013.098,-3526.09765625,-1.8535911723665492,
2020-06-29 05:00:00+00:00,42018.0,40329.188,1688.8125,1.2067032229793868,
2020-06-29 06:00:00+00:00,45570.0,43160.902,2409.09765625,1.6365827677993574,
2020-06-29 07:00:00+00:00,47835.0,45336.67,2498.328125,1.7029978919113875,
2020-06-29 08:00:00+00:00,48642.0,46705.49,1936.51171875,1.3833964271509376,
2020-06-29 09:00:00+00:00,49676.0,47765.312,1910.6875,1.3763607200376462,
2020-06-29 10:00:00+00:00,50835.0,48657.94,2177.05859375,1.5399084054134706,
2020-06-29 11:00:00+00:00,49979.0,47503.754,2475.24609375,1.7244837342682566,
2020-06-29 12:00:00+00:00,49339.0,45906.832,3432.16796875,2.300458328717163,
2020-06-29 13:00:00+00:00,48262.0,45324.96,2937.0390625,2.0074244657700673,
2020-06-29 14:00:00+00:00,46865.0,44598.88,2266.12109375,1.609325559679327,
2020-06-29 15:00:00+00:00,46118.0,44193.33,1924.671875,1.4087516876283306,
2020-06-29 16:00:00+00:00,46744.0,44496.07,2247.9296875,1.602759299732661,
2020-06-29 17:00:00+00:00,47351.0,45760.332,1590.66796875,1.2053388521388362,
2020-06-30 07:00:00+00:00,46659.0,48964.723,-2305.72265625,-1.1191799533965452,
2020-06-30 08:00:00+00:00,47299.0,50149.656,-2850.65625,-1.4391497770251802,
2020-06-30 09:00:00+00:00,48139.0,50921.887,-2782.88671875,-1.3899424456187897,
2020-06-30 11:00:00+00:00,48205.0,50634.133,-2429.1328125,-1.1650599001971167,
2020-06-30 16:00:00+00:00,47888.0,46378.008,1509.9921875,1.1899715830236244,
2020-06-30 17:00:00+00:00,48269.0,47029.62,1239.37890625,1.0255637257788441,
2020-06-30 18:00:00+00:00,45792.0,44465.246,1326.75390625,1.0733296177040026,
2020-06-30 19:00:00+00:00,44149.0,42887.67,1261.328125,1.0314670248319149,
2020-06-30 20:00:00+00:00,46380.0,45089.5,1290.5,1.0453715137608055,
2020-06-30 21:00:00+00:00,47066.0,45530.453,1535.546875,1.18680222522768,
2020-07-01 06:00:00+00:00,47097.0,44575.51,2521.48828125,1.7602656120071243,
2020-07-01 07:00:00+00:00,49418.0,46156.32,3261.6796875,2.1855132789317695,
2020-07-01 08:00:00+00:00,50567.0,47183.82,3383.1796875,2.236282333683971,
2020-07-01 09:00:00+00:00,52083.0,48346.1,3736.8984375,2.4188477543377194,
2020-07-01 10:00:00+00:00,53371.0,48942.72,4428.28125,2.789013649700363,
2020-07-01 11:00:00+00:00,52218.0,47736.2,4481.80078125,2.781103141200485,
2020-07-01 12:00:00+00:00,51408.0,46754.617,4653.3828125,2.838913850219483,
2020-07-01 13:00:00+00:00,50184.0,45806.527,4377.47265625,2.6448368799719053,
2020-07-01 14:00:00+00:00,48919.0,45006.727,3912.2734375,2.35419524041095,
2020-07-01 15:00:00+00:00,47801.0,46068.9,1732.1015625,1.1376314567821546,
2020-07-01 18:00:00+00:00,51656.0,46631.78,5024.21875,2.9178978674944553,
2020-07-01 22:00:00+00:00,43027.0,45589.082,-2562.08203125,-1.1924540957329972,
2020-07-01 23:00:00+00:00,40377.0,42843.62,-2466.62109375,-1.1365926394439765,
2020-07-02 00:00:00+00:00,38855.0,41348.297,-2493.296875,-1.1469939760539671,
2020-07-02 01:00:00+00:00,36559.0,39750.15,-3191.1484375,-1.5146203544391061,
2020-07-02 02:00:00+00:00,35859.0,39552.33,-3693.328125,-1.7746588282325906,
2020-07-02 03:00:00+00:00,37094.0,41319.164,-4225.1640625,-2.045273912886472,
2020-07-02 04:00:00+00:00,39702.0,43605.938,-3903.9375,-1.8609261499004752,
2020-07-02 08:00:00+00:00,50468.0,52829.824,-2361.82421875,-1.0276069876668776,
2020-07-02 09:00:00+00:00,51259.0,54295.094,-3036.09375,-1.3778429150381026,
2020-07-02 18:00:00+00:00,45483.0,50587.42,-5104.421875,-2.449230786130169,
2020-07-05 01:00:00+00:00,33404.0,35981.934,-2577.93359375,-1.0783113685304413,
2020-07-05 03:00:00+00:00,31629.0,34418.26,-2789.26171875,-1.194191435969061,
2020-07-05 04:00:00+00:00,31192.0,34580.684,-3388.68359375,-1.5106369547945033,
2020-07-05 05:00:00+00:00,32153.0,35259.656,-3106.65625,-1.3713882747600867,
2020-07-06 06:00:00+00:00,45795.0,44032.93,1762.0703125,1.1423454243957614,
2020-07-06 07:00:00+00:00,48186.0,45889.31,2296.69140625,1.4337856343042918,
2020-07-06 08:00:00+00:00,49509.0,47012.66,2496.33984375,1.544733166210953,
2020-07-06 09:00:00+00:00,50493.0,48100.96,2392.0390625,1.4899452725717206,
2020-07-06 10:00:00+00:00,52063.0,49097.895,2965.10546875,1.7975017140376346,
2020-07-06 11:00:00+00:00,51152.0,48252.457,2899.54296875,1.76420454899865,
2020-07-06 12:00:00+00:00,50426.0,46902.973,3523.02734375,2.1022314038695886,
2020-07-06 13:00:00+00:00,48993.0,46151.67,2841.328125,1.7426512514279542,
2020-07-06 14:00:00+00:00,47601.0,45101.773,2499.2265625,1.5665457021147529,
2020-07-06 15:00:00+00:00,46780.0,45055.99,1724.01171875,1.1533222485741055,
2020-07-06 16:00:00+00:00,47379.0,45249.62,2129.37890625,1.3790079665240187,
2020-07-06 17:00:00+00:00,47983.0,46370.098,1612.90234375,1.1039181522406947,
2020-07-07 13:00:00+00:00,49880.0,48403.082,1476.91796875,1.0893101649338803,
2020-07-07 14:00:00+00:00,48735.0,46994.082,1740.91796875,1.2361360688885867,
2020-07-07 15:00:00+00:00,47869.0,46359.855,1509.14453125,1.1055471848979592,
2020-07-07 16:00:00+00:00,49768.0,46807.695,2960.3046875,1.9148689310945324,
2020-07-08 17:00:00+00:00,49981.0,59325.81,-9344.80859375,-1.4705893831990058,
2020-07-08 18:00:00+00:00,47514.0,57128.273,-9614.2734375,-1.5040488982879425,
2020-07-08 19:00:00+00:00,45685.0,55602.633,-9917.6328125,-1.542207769613386,
2020-07-14 05:00:00+00:00,34455.0,41627.055,-7172.0546875,-1.067186949583394,
2020-07-23 14:00:00+00:00,50999.0,49444.223,1554.77734375,1.116078834546725,
2020-07-23 15:00:00+00:00,49996.0,48417.336,1578.6640625,1.1367170179580062,
2020-07-23 19:00:00+00:00,46105.0,44737.664,1367.3359375,1.0605068967085776,
2020-07-23 20:00:00+00:00,47667.0,46140.566,1526.43359375,1.143775531910154,
2020-07-23 21:00:00+00:00,47688.0,46059.633,1628.3671875,1.198921695075999,
2020-07-25 03:00:00+00:00,34564.0,37255.527,-2691.52734375,-1.0193787824556464,
2020-07-25 04:00:00+00:00,34756.0,37555.82,-2799.8203125,-1.0747499861078527,
2020-07-25 09:00:00+00:00,44412.0,47522.39,-3110.390625,-1.2280559905462607,
2020-07-25 11:00:00+00:00,45364.0,48440.23,-3076.23046875,-1.2081918423470372,
2020-07-25 12:00:00+00:00,44114.0,46901.523,-2787.5234375,-1.0617786707392565,
2020-07-25 22:00:00+00:00,40449.0,43081.38,-2632.37890625,-1.0024118744072046,
2020-07-25 23:00:00+00:00,37806.0,40848.445,-3042.4453125,-1.2131386842190304,
2020-07-26 00:00:00+00:00,36016.0,39443.625,-3427.625,-1.4110738812134471,
2020-07-26 01:00:00+00:00,33627.0,37482.78,-3855.78125,-1.6313690998901988,
2020-07-26 02:00:00+00:00,32584.0,36187.44,-3603.44140625,-1.50109683841542,
2020-07-26 03:00:00+00:00,32341.0,36503.01,-4162.01171875,-1.7881344838701712,
2020-07-26 04:00:00+00:00,31750.0,36787.418,-5037.41796875,-2.237686398865338,
2020-07-26 05:00:00+00:00,32589.0,37659.98,-5070.98046875,-2.250612018131521,
2020-07-26 06:00:00+00:00,34688.0,38732.91,-4044.91015625,-1.7174836963958584,
2020-07-26 07:00:00+00:00,37431.0,40560.42,-3129.421875,-1.243368118814984,
2020-07-26 08:00:00+00:00,39589.0,42487.504,-2898.50390625,-1.1216514424591035,
2020-07-26 09:00:00+00:00,41236.0,44030.94,-2794.94140625,-1.0659030186237208,
2020-07-27 01:00:00+00:00,34368.0,37212.426,-2844.42578125,-1.0802794383028689,
2020-07-27 04:00:00+00:00,37899.0,40835.895,-2936.89453125,-1.123547373832165,
2020-07-27 05:00:00+00:00,41148.0,43855.12,-2707.12109375,-1.0075521786366552,
2020-07-27 09:00:00+00:00,50604.0,49138.652,1465.34765625,1.1019380506928886,
2020-07-27 10:00:00+00:00,52214.0,49651.76,2562.23828125,1.6541329305369339,
2020-07-27 11:00:00+00:00,51816.0,48449.54,3366.4609375,2.0524905039400285,
2020-07-27 12:00:00+00:00,51667.0,47134.695,4532.3046875,2.6244282441529863,
2020-07-27 13:00:00+00:00,50775.0,46220.434,4554.56640625,2.6088196009707674,
2020-07-27 14:00:00+00:00,49573.0,45021.04,4551.9609375,2.5787139630215727,
2020-07-27 15:00:00+00:00,48764.0,44723.727,4040.2734375,2.299583616123092,
2020-07-27 16:00:00+00:00,49007.0,45558.164,3448.8359375,1.9903445293522741,
2020-07-27 17:00:00+00:00,49208.0,46846.047,2361.953125,1.4501454683682387,
2020-07-27 18:00:00+00:00,47257.0,45423.38,1833.62109375,1.1879053926808258,
2020-07-29 05:00:00+00:00,45360.0,43250.52,2109.48046875,1.3609500392998592,
2020-07-30 02:00:00+00:00,36218.0,38519.44,-2301.44140625,-1.0805133737848285,
2020-07-30 03:00:00+00:00,37640.0,40037.26,-2397.26171875,-1.139352228933305,
2020-07-30 05:00:00+00:00,42702.0,44965.7,-2263.69921875,-1.0613100105066369,
2020-07-30 11:00:00+00:00,54024.0,52663.55,1360.44921875,1.1743070335278865,
2020-07-30 12:00:00+00:00,53747.0,52062.316,1684.68359375,1.3687108291319343,
2020-07-30 13:00:00+00:00,52675.0,50383.156,2291.84375,1.7354599362107594,
2020-07-30 14:00:00+00:00,51532.0,48821.363,2710.63671875,1.9815377692241545,
2020-07-30 15:00:00+00:00,50792.0,48309.613,2482.38671875,1.8278500366717532,
2020-07-30 16:00:00+00:00,51120.0,49028.47,2091.53125,1.5780525455434171,
2020-07-30 17:00:00+00:00,50650.0,49133.934,1516.06640625,1.2216048077270008,
2020-07-30 18:00:00+00:00,48447.0,46344.566,2102.43359375,1.5714480250512213,
2020-07-30 19:00:00+00:00,47222.0,45035.55,2186.44921875,1.6145081030795365,
2020-07-30 20:00:00+00:00,48387.0,46239.195,2147.8046875,1.5819728843585243,
2020-07-30 21:00:00+00:00,47985.0,45796.363,2188.63671875,1.5979746743394554,
2020-07-31 06:00:00+00:00,46485.0,45283.63,1201.37109375,1.0001329560677739,
2020-07-31 07:00:00+00:00,49501.0,48232.184,1268.81640625,1.0392733146241582,
2020-07-31 14:00:00+00:00,50380.0,48614.49,1765.51171875,1.3346766982096492,
2020-07-31 15:00:00+00:00,49749.0,47338.06,2410.94140625,1.7155824114771323,
2020-07-31 16:00:00+00:00,49895.0,48210.324,1684.67578125,1.2784564326182777,
2020-07-31 21:00:00+00:00,47322.0,45868.176,1453.82421875,1.133600596688608,
2020-08-01 01:00:00+00:00,35878.0,38259.164,-2381.1640625,-1.1362468686734528,
2020-08-01 02:00:00+00:00,34766.0,37161.32,-2395.3203125,-1.144238270710541,
2020-08-01 03:00:00+00:00,34879.0,37363.133,-2484.1328125,-1.1966059554114452,
2020-08-01 04:00:00+00:00,35031.0,37820.58,-2789.578125,-1.3772679566198218,
2020-08-01 05:00:00+00:00,36102.0,38717.176,-2615.17578125,-1.273081816120279,
2020-08-01 08:00:00+00:00,43223.0,45455.76,-2232.76171875,-1.042058040239085,
2020-08-01 09:00:00+00:00,44901.0,47809.586,-2908.5859375,-1.4378450915946532,
2020-08-01 10:00:00+00:00,47005.0,49319.56,-2314.55859375,-1.0876898148158871,
2020-08-01 11:00:00+00:00,45967.0,49406.203,-3439.203125,-1.7483903202363429,
2020-08-01 12:00:00+00:00,44950.0,48548.043,-3598.04296875,-1.8370005813660946,
2020-08-01 13:00:00+00:00,43964.0,46653.508,-2689.5078125,-1.298115622280527,
2020-08-01 17:00:00+00:00,43162.0,45882.355,-2720.35546875,-1.3085448534081034,
2020-08-01 18:00:00+00:00,41483.0,44435.703,-2952.703125,-1.4395170039475012,
2020-08-01 19:00:00+00:00,41270.0,44370.34,-3100.33984375,-1.5197143807542277,
2020-08-01 20:00:00+00:00,43230.0,45906.17,-2676.171875,-1.2686525727373716,
2020-08-01 21:00:00+00:00,43378.0,46055.023,-2677.0234375,-1.262951780030737,
2020-08-01 22:00:00+00:00,39776.0,43319.6,-3543.6015625,-1.7559249361302638,
2020-08-01 23:00:00+00:00,37164.0,41174.234,-4010.234375,-2.0166588625230917,
2020-08-02 00:00:00+00:00,35703.0,39827.227,-4124.2265625,-2.0727127451083946,
2020-08-02 01:00:00+00:00,33505.0,37870.59,-4365.58984375,-2.2019888083244745,
2020-08-02 02:00:00+00:00,32386.0,36556.2,-4170.19921875,-2.082605633636797,
2020-08-02 03:00:00+00:00,32171.0,36655.96,-4484.9609375,-2.253682188900635,
2020-08-02 04:00:00+00:00,31737.0,36522.152,-4785.15234375,-2.4172601870445694,
2020-08-02 05:00:00+00:00,32211.0,37060.598,-4849.59765625,-2.4506556548682634,
2020-08-02 06:00:00+00:00,34238.0,38074.83,-3836.828125,-1.8742174241990432,
2020-08-02 07:00:00+00:00,36724.0,39797.332,-3073.33203125,-1.4391644788043954,
2020-08-02 08:00:00+00:00,38807.0,41803.203,-2996.203125,-1.3908723950263413,
2020-08-02 09:00:00+00:00,40639.0,43625.832,-2986.83203125,-1.3801465159384072,
2020-08-02 10:00:00+00:00,42893.0,45251.76,-2358.76171875,-1.0231108239856381,
2020-08-02 11:00:00+00:00,41577.0,44557.574,-2980.57421875,-1.3668148120560082,
2020-08-02 12:00:00+00:00,39911.0,42836.61,-2925.609375,-1.3306657353834155,
2020-08-02 14:00:00+00:00,37748.0,40465.117,-2717.1171875,-1.203899739180726,
2020-08-02 15:00:00+00:00,37971.0,40987.55,-3016.55078125,-1.3633356996166281,
2020-08-02 16:00:00+00:00,39067.0,41857.617,-2790.6171875,-1.230046688683548,
2020-08-02 22:00:00+00:00,38349.0,42038.055,-3689.0546875,-1.6953820335754364,
2020-08-02 23:00:00+00:00,35923.0,39803.492,-3880.4921875,-1.7942723631571904,
2020-08-03 00:00:00+00:00,34469.0,38472.3,-4003.30078125,-1.8553404688861859,
2020-08-03 01:00:00+00:00,32694.0,36742.223,-4048.22265625,-1.8732268725345675,
2020-08-03 02:00:00+00:00,32334.0,35791.07,-3457.0703125,-1.546006101598332,
2020-08-03 03:00:00+00:00,33794.0,37341.99,-3547.98828125,-1.5910867638256354,
2020-08-03 04:00:00+00:00,35948.0,39963.86,-4015.859375,-1.8370709061348995,
2020-08-03 05:00:00+00:00,38658.0,42681.78,-4023.78125,-1.8311313722738558,
2020-08-03 06:00:00+00:00,41858.0,45269.957,-3411.95703125,-1.4908710124434736,
2020-08-06 03:00:00+00:00,34624.0,37390.73,-2766.73046875,-1.0883279602640688,
2020-08-06 04:00:00+00:00,36447.0,39296.71,-2849.7109375,-1.133632398107012,
2020-08-06 10:00:00+00:00,49968.0,48717.27,1250.73046875,1.2156732977968159,
2020-08-06 11:00:00+00:00,49376.0,47829.53,1546.46875,1.3811436553918746,
2020-08-06 12:00:00+00:00,48796.0,46868.844,1927.15625,1.5938404946434979,
2020-08-06 13:00:00+00:00,47933.0,45989.46,1943.5390625,1.5967420259625575,
2020-08-06 14:00:00+00:00,46946.0,45160.824,1785.17578125,1.501685361548802,
2020-08-06 15:00:00+00:00,46575.0,44770.023,1804.9765625,1.5116688813817394,
2020-08-06 16:00:00+00:00,47239.0,45210.438,2028.5625,1.6369497088329497,
2020-08-06 17:00:00+00:00,47169.0,45649.887,1519.11328125,1.3445569632188954,
2020-08-06 18:00:00+00:00,45202.0,44030.246,1171.75390625,1.1445354637502116,
2020-08-07 12:00:00+00:00,49636.0,47781.047,1854.953125,1.5483255260054576,
2020-08-07 13:00:00+00:00,48642.0,46245.36,2396.640625,1.8429289790934436,
2020-08-07 14:00:00+00:00,47728.0,45004.305,2723.6953125,2.013539897400678,
2020-08-07 15:00:00+00:00,47343.0,44913.81,2429.19140625,1.8369396289750182,
2020-08-07 16:00:00+00:00,47872.0,46078.816,1793.18359375,1.475356621635611,
2020-08-07 17:00:00+00:00,47540.0,46582.203,957.796875,1.0065024220346432,
2020-08-07 18:00:00+00:00,45507.0,44457.13,1049.87109375,1.0537316003261719,
2020-08-07 19:00:00+00:00,44810.0,43481.758,1328.2421875,1.2041310736079578,
2020-08-07 20:00:00+00:00,46033.0,44320.38,1712.62109375,1.4122460094279086,
2020-08-07 21:00:00+00:00,45689.0,44005.316,1683.68359375,1.3923640942259827,
2020-08-08 22:00:00+00:00,40291.0,43176.07,-2885.0703125,-1.1923527045256737,
2020-08-08 23:00:00+00:00,37569.0,40648.6,-3079.6015625,-1.2997105508572246,
2020-08-09 00:00:00+00:00,35760.0,39203.188,-3443.1875,-1.502014980401766,
2020-08-09 01:00:00+00:00,33667.0,38259.137,-4592.13671875,-2.1417189642402095,
2020-08-09 02:00:00+00:00,32495.0,37067.438,-4572.4375,-2.1245155040150854,
2020-08-09 03:00:00+00:00,32317.0,36261.5,-3944.5,-1.7688243487362718,
2020-08-09 04:00:00+00:00,32218.0,35492.883,-3274.8828125,-1.399205555456941,
2020-08-09 05:00:00+00:00,32706.0,36323.48,-3617.48046875,-1.6008162232841519,
2020-08-09 06:00:00+00:00,34774.0,38408.91,-3634.91015625,-1.620803073626305,
2020-08-09 07:00:00+00:00,37564.0,40605.453,-3041.453125,-1.2906579746870304,
2020-08-09 22:00:00+00:00,39866.0,43443.66,-3577.66015625,-1.5942067642859559,
2020-08-09 23:00:00+00:00,37445.0,41035.836,-3590.8359375,-1.5956028710068912,
2020-08-10 00:00:00+00:00,35779.0,39417.266,-3638.265625,-1.6170272660473324,
2020-08-10 01:00:00+00:00,33881.0,37554.332,-3673.33203125,-1.6311589073828316,
2020-08-10 02:00:00+00:00,33419.0,36956.586,-3537.5859375,-1.5509578318495676,
2020-08-10 03:00:00+00:00,34589.0,38898.62,-4309.62109375,-1.9757095972857865,
2020-08-10 04:00:00+00:00,36403.0,42033.21,-5630.2109375,-2.695711691655604,
2020-08-10 05:00:00+00:00,38760.0,44757.555,-5997.5546875,-2.8700646199849396,
2020-08-10 06:00:00+00:00,42177.0,46823.48,-4646.48046875,-2.1005114486939234,
2020-08-10 07:00:00+00:00,44947.0,47941.92,-2994.921875,-1.1905334689539089,
2020-08-10 12:00:00+00:00,49854.0,48665.902,1188.09765625,1.103038576118429,
2020-08-10 13:00:00+00:00,48943.0,47411.684,1531.31640625,1.3104628805763392,
2020-08-10 14:00:00+00:00,47854.0,46282.566,1571.43359375,1.3521114108927192,
2020-08-11 02:00:00+00:00,34819.0,37540.367,-2721.3671875,-1.0489129767638186,
2020-08-11 03:00:00+00:00,35973.0,38750.258,-2777.2578125,-1.0794109013958668,
2020-08-11 14:00:00+00:00,48645.0,47582.234,1062.765625,1.1441849945953675,
2020-08-12 01:00:00+00:00,35100.0,37781.168,-2681.16796875,-1.008462071057219,
2020-08-12 02:00:00+00:00,34473.0,37277.43,-2804.4296875,-1.0759800143298774,
2020-08-12 03:00:00+00:00,35476.0,38814.4,-3338.3984375,-1.3797217622971962,
2020-08-12 04:00:00+00:00,37232.0,40668.63,-3436.62890625,-1.430237933945246,
2020-08-12 22:00:00+00:00,39244.0,42753.09,-3509.08984375,-1.4216051933376213,
2020-08-12 23:00:00+00:00,36834.0,40441.402,-3607.40234375,-1.4700949630161784,
2020-08-13 00:00:00+00:00,36001.0,39228.996,-3227.99609375,-1.2418854142207052,
2020-08-13 01:00:00+00:00,34087.0,37622.184,-3535.18359375,-1.4132339078295102,
2020-08-13 02:00:00+00:00,33730.0,37538.15,-3808.1484375,-1.5641887757020643,
2020-08-13 03:00:00+00:00,34702.0,39115.09,-4413.08984375,-1.9039932021712096,
2020-08-13 04:00:00+00:00,36694.0,40869.16,-4175.16015625,-1.75612515043521,
2020-08-13 05:00:00+00:00,38627.0,41778.984,-3151.984375,-1.1633518306636748,
2020-08-14 12:00:00+00:00,46114.0,45383.816,730.18359375,1.241679501063552,
2020-08-14 13:00:00+00:00,45066.0,44313.977,752.0234375,1.2532805882794629,
2020-08-14 14:00:00+00:00,43955.0,43373.035,581.96484375,1.1507506815028057,
2020-08-14 15:00:00+00:00,43632.0,43209.133,422.8671875,1.0594549487787936,
2020-08-15 23:00:00+00:00,35575.0,38761.375,-3186.375,-1.2118555013168857,
2020-08-16 00:00:00+00:00,33913.0,37305.812,-3392.8125,-1.3472013577416229,
2020-08-16 01:00:00+00:00,32084.0,35384.504,-3300.50390625,-1.2928273515656206,
2020-08-16 02:00:00+00:00,31059.0,34259.25,-3200.25,-1.2351535371149631,
2020-08-16 03:00:00+00:00,30827.0,34374.0,-3547.0,-1.4624287660781377,
2020-08-16 04:00:00+00:00,30849.0,34513.074,-3664.07421875,-1.544006313925847,
2020-08-16 05:00:00+00:00,30944.0,35091.195,-4147.1953125,-1.86391203263942,
2020-08-16 06:00:00+00:00,32911.0,36495.04,-3584.0390625,-1.5065038199201408,
2020-08-16 07:00:00+00:00,35515.0,38644.15,-3129.1484375,-1.2138793598376056,
2020-08-16 08:00:00+00:00,37738.0,40719.684,-2981.68359375,-1.1182307456733445,
2020-08-17 01:00:00+00:00,31689.0,34738.996,-3049.99609375,-1.2328514128316692,
2020-08-17 02:00:00+00:00,31279.0,34003.086,-2724.0859375,-1.0223334178141152,
2020-08-17 04:00:00+00:00,35124.0,38360.45,-3236.44921875,-1.3711396161802214,
2020-08-17 05:00:00+00:00,37168.0,40857.793,-3689.79296875,-1.679025907068695,
2020-08-17 06:00:00+00:00,40325.0,43239.918,-2914.91796875,-1.163403841775653,
2020-08-18 10:00:00+00:00,48681.0,48062.312,618.6875,1.168389544759176,
2020-08-18 11:00:00+00:00,47566.0,47174.21,391.7890625,1.0125309702448848,
2020-08-18 12:00:00+00:00,46708.0,45685.52,1022.48046875,1.4275803093596524,
2020-08-18 13:00:00+00:00,45330.0,44308.387,1021.61328125,1.4211379961036683,
2020-08-18 14:00:00+00:00,44321.0,42904.94,1416.05859375,1.6776068842718612,
2020-08-18 15:00:00+00:00,43994.0,43017.49,976.51171875,1.3792791281348886,
2020-08-18 16:00:00+00:00,44887.0,44290.594,596.40625,1.1239107896722416,
2020-08-18 18:00:00+00:00,44305.0,43783.81,521.19140625,1.070263405284331,
2020-08-18 19:00:00+00:00,44246.0,43720.82,525.1796875,1.07020337965223,
2020-08-19 12:00:00+00:00,47759.0,46945.29,813.7109375,1.253400839256625,
2020-08-19 13:00:00+00:00,46730.0,45646.113,1083.88671875,1.4269604796227515,
2020-08-19 14:00:00+00:00,45564.0,44725.953,838.046875,1.2633467045151436,
2020-08-19 15:00:00+00:00,45063.0,44448.11,614.890625,1.115887481835528,
2020-08-19 16:00:00+00:00,46056.0,45057.797,998.203125,1.362916966993848,
2020-08-19 17:00:00+00:00,46561.0,45986.4,574.6015625,1.085725935526536,
2020-08-20 02:00:00+00:00,34307.0,37437.62,-3130.62109375,-1.3057385557060641,
2020-08-20 03:00:00+00:00,35747.0,39091.184,-3344.18359375,-1.440586557188282,
2020-08-20 04:00:00+00:00,37744.0,41054.645,-3310.64453125,-1.4158048098743212,
2020-08-20 11:00:00+00:00,49529.0,49039.32,489.6796875,1.055842824455054,
2020-08-20 12:00:00+00:00,48826.0,47656.15,1169.8515625,1.5037660631197218,
2020-08-20 13:00:00+00:00,47720.0,46525.13,1194.87109375,1.5254479301285477,
2020-08-20 14:00:00+00:00,46899.0,45436.785,1462.21484375,1.7058111805260292,
2020-08-20 15:00:00+00:00,46626.0,44857.11,1768.890625,1.9093196875433625,
2020-08-20 16:00:00+00:00,47684.0,45642.312,2041.6875,2.0884065155400187,
2020-08-20 17:00:00+00:00,47890.0,46395.547,1494.453125,1.7296970101756413,
2020-08-20 18:00:00+00:00,45893.0,44590.26,1302.73828125,1.6042590117906808,
2020-08-20 19:00:00+00:00,45578.0,44687.484,890.515625,1.333342536923714,
2020-08-20 20:00:00+00:00,45737.0,44862.086,874.9140625,1.3225392091231831,
2020-08-20 21:00:00+00:00,45354.0,44759.78,594.21875,1.137357078718533,
2020-08-21 12:00:00+00:00,49002.0,48122.254,879.74609375,1.3355352392517719,
2020-08-21 13:00:00+00:00,47940.0,46325.42,1614.578125,1.827666409462086,
2020-08-21 14:00:00+00:00,46756.0,45307.87,1448.12890625,1.7246798003096961,
2020-08-21 15:00:00+00:00,45936.0,45434.62,501.37890625,1.1050758024032103,
2020-08-22 05:00:00+00:00,34456.0,37189.273,-2733.2734375,-1.0368537484137745,
2020-08-22 11:00:00+00:00,43189.0,46209.082,-3020.08203125,-1.2182339061592258,
2020-08-22 12:00:00+00:00,42095.0,45160.758,-3065.7578125,-1.2427928425099692,
2020-08-22 22:00:00+00:00,38803.0,41732.723,-2929.72265625,-1.1191489484861858,
2020-08-22 23:00:00+00:00,36216.0,39740.676,-3524.67578125,-1.5306467303506617,
2020-08-23 00:00:00+00:00,34589.0,38390.01,-3801.01171875,-1.7187857800403468,
2020-08-23 01:00:00+00:00,32437.0,36412.07,-3975.0703125,-1.8361914221548465,
2020-08-23 02:00:00+00:00,31376.0,35183.26,-3807.26171875,-1.726110368288506,
2020-08-23 03:00:00+00:00,31291.0,35306.293,-4015.29296875,-1.8775709776630842,
2020-08-23 04:00:00+00:00,31566.0,35566.586,-4000.5859375,-1.8667077593899315,
2020-08-23 05:00:00+00:00,31552.0,35942.477,-4390.4765625,-2.1306850665399377,
2020-08-23 06:00:00+00:00,33474.0,37104.133,-3630.1328125,-1.5978709283329775,
2020-08-23 07:00:00+00:00,36012.0,38937.31,-2925.30859375,-1.1112953092024669,
2020-08-23 08:00:00+00:00,38128.0,40925.188,-2797.1875,-1.0233604412583703,
2020-08-24 01:00:00+00:00,32623.0,35410.297,-2787.296875,-1.0363253106071948,
2020-08-24 09:00:00+00:00,48534.0,47866.777,667.22265625,1.3974042723349032,
2020-08-24 10:00:00+00:00,49928.0,48649.664,1278.3359375,1.835941775801588,
2020-08-24 11:00:00+00:00,48960.0,47589.203,1370.796875,1.896267736266238,
2020-08-24 12:00:00+00:00,48148.0,46487.97,1660.03125,2.0988494377289175,
2020-08-24 13:00:00+00:00,47017.0,45620.543,1396.45703125,1.9026642024408917,
2020-08-24 14:00:00+00:00,45911.0,44457.863,1453.13671875,1.9451445743886662,
2020-08-24 15:00:00+00:00,45245.0,44030.883,1214.1171875,1.7729468729234763,
2020-08-24 16:00:00+00:00,45814.0,44420.984,1393.015625,1.89956549330029,
2020-08-24 17:00:00+00:00,46666.0,45360.81,1305.19140625,1.828826132658514,
2020-08-24 18:00:00+00:00,45337.0,43988.69,1348.30859375,1.8499568239270863,
2020-08-24 19:00:00+00:00,44926.0,44064.7,861.30078125,1.4907610675526908,
2020-08-24 20:00:00+00:00,44994.0,44484.83,509.171875,1.232097401410808,
2020-08-25 06:00:00+00:00,44380.0,44121.242,258.7578125,1.031585492146475,
2020-08-25 12:00:00+00:00,49416.0,48392.746,1023.25390625,1.5812208383554014,
2020-08-25 13:00:00+00:00,48488.0,47142.24,1345.76171875,1.8071871835533753,
2020-08-25 14:00:00+00:00,47397.0,46277.61,1119.390625,1.6404122801718077,
2020-08-25 15:00:00+00:00,46470.0,45932.598,537.40234375,1.223661953862,
2020-08-25 16:00:00+00:00,47024.0,46438.355,585.64453125,1.2588607248064805,
2020-08-26 11:00:00+00:00,50364.0,50060.625,303.375,1.0322526794114915,
2020-08-27 03:00:00+00:00,37112.0,39755.516,-2643.515625,-1.171640053103113,
2020-08-27 11:00:00+00:00,51144.0,50771.848,372.15234375,1.0317200462007927,
2020-08-27 12:00:00+00:00,50570.0,49737.312,832.6875,1.3708226623539623,
2020-08-27 13:00:00+00:00,49351.0,48435.934,915.06640625,1.4240311112607518,
2020-08-27 14:00:00+00:00,48241.0,47590.62,650.37890625,1.2167184493883798,
2020-08-29 00:00:00+00:00,35906.0,38337.277,-2431.27734375,-1.0998509865716275,
2020-08-29 01:00:00+00:00,33839.0,36765.81,-2926.80859375,-1.4726772173745812,
2020-08-29 02:00:00+00:00,32784.0,35661.41,-2877.41015625,-1.4316044937570935,
2020-08-29 03:00:00+00:00,33153.0,35806.516,-2653.515625,-1.258568609183142,
2020-08-29 04:00:00+00:00,34080.0,36539.824,-2459.82421875,-1.1105306682447187,
2020-08-29 05:00:00+00:00,34600.0,37365.027,-2765.02734375,-1.3399833326030772,
2020-08-29 09:00:00+00:00,42546.0,45306.418,-2760.41796875,-1.336917792227085,
2020-08-29 11:00:00+00:00,43002.0,46244.535,-3242.53515625,-1.6888401610481107,
2020-08-29 12:00:00+00:00,41568.0,44761.266,-3193.265625,-1.6405554883517839,
2020-08-29 13:00:00+00:00,40342.0,42840.895,-2498.89453125,-1.112023277610617,
2020-08-29 14:00:00+00:00,39145.0,41548.184,-2403.18359375,-1.0347137578348156,
2020-08-29 22:00:00+00:00,38337.0,41001.516,-2664.515625,-1.2074975260648182,
2020-08-29 23:00:00+00:00,35777.0,38656.36,-2879.359375,-1.3661456374288652,
2020-08-30 00:00:00+00:00,34076.0,37215.684,-3139.68359375,-1.5611273271027162,
2020-08-30 01:00:00+00:00,31793.0,35458.473,-3665.47265625,-1.9531703318193965,
2020-08-30 02:00:00+00:00,30532.0,34026.73,-3494.73046875,-1.8230373292217008,
2020-08-30 03:00:00+00:00,30572.0,34063.49,-3491.48828125,-1.8179651674890975,
2020-08-30 04:00:00+00:00,31105.0,34275.703,-3170.703125,-1.581090457472822,
2020-08-30 05:00:00+00:00,31171.0,34623.395,-3452.39453125,-1.7940933604869203,
2020-08-30 06:00:00+00:00,33269.0,35828.57,-2559.5703125,-1.1371820297521442,
2020-08-30 10:00:00+00:00,43287.0,42879.34,407.66015625,1.0696207346859001,
2020-08-31 04:00:00+00:00,38571.0,37990.297,580.703125,1.179713641037563,
2020-08-31 05:00:00+00:00,41885.0,40489.42,1395.578125,1.7928337983724072,
2020-08-31 06:00:00+00:00,45230.0,43134.402,2095.59765625,2.316928140425376,
2020-08-31 07:00:00+00:00,47460.0,45451.21,2008.7890625,2.229308769085459,
2020-08-31 08:00:00+00:00,48564.0,47113.61,1450.390625,1.7859248989349492,
2020-08-31 09:00:00+00:00,49726.0,48303.27,1422.73046875,1.7507026434262178,
2020-08-31 10:00:00+00:00,50850.0,49157.348,1692.65234375,1.9384668518418582,
2020-08-31 11:00:00+00:00,49916.0,47742.176,2173.82421875,2.2806061498380386,
2020-08-31 12:00:00+00:00,49058.0,46112.355,2945.64453125,2.827196211255464,
2020-08-31 13:00:00+00:00,47753.0,45562.613,2190.38671875,2.2398419691370215,
2020-08-31 14:00:00+00:00,46179.0,44676.59,1502.41015625,1.7199116402422838,
2020-08-31 15:00:00+00:00,45286.0,44423.844,862.15625,1.2456365229535387,
2020-08-31 16:00:00+00:00,46246.0,44969.184,1276.81640625,1.536731391107337,
2020-08-31 17:00:00+00:00,47523.0,46050.734,1472.265625,1.6695496523272977,
2020-08-31 18:00:00+00:00,46209.0,44787.023,1421.9765625,1.6246714182255522,
2020-08-31 19:00:00+00:00,44776.0,43976.63,799.37109375,1.1741508426966365,
2020-08-31 20:00:00+00:00,44438.0,43712.57,725.4296875,1.1180372617353505,
2020-08-31 21:00:00+00:00,44775.0,44125.875,649.125,1.0604736777726298,
2020-09-01 05:00:00+00:00,44661.0,43402.867,1258.1328125,1.4722942885014798,
2020-09-01 06:00:00+00:00,46816.0,46058.78,757.21875,1.1092396203033963,
2020-09-02 12:00:00+00:00,49932.0,49294.316,637.68359375,1.0647778271013086,
2020-09-02 18:00:00+00:00,47104.0,46386.777,717.22265625,1.1325555321775553,
2020-09-03 13:00:00+00:00,48773.0,48186.76,586.23828125,1.0319069209336447,
2020-09-03 14:00:00+00:00,47502.0,46890.223,611.77734375,1.0538978241077779,
2020-09-03 18:00:00+00:00,47146.0,46527.805,618.1953125,1.087038321607599,
2020-09-03 21:00:00+00:00,45777.0,45247.547,529.453125,1.031059604449794,
2020-09-04 06:00:00+00:00,47727.0,46831.316,895.68359375,1.3057313733158202,
2020-09-04 07:00:00+00:00,49547.0,48697.055,849.9453125,1.265675452613561,
2020-09-04 10:00:00+00:00,52104.0,51426.55,677.44921875,1.1254995936061556,
2020-09-04 11:00:00+00:00,51332.0,50543.29,788.7109375,1.2047908784190249,
2020-09-04 12:00:00+00:00,50096.0,48971.473,1124.52734375,1.4528019243307289,
2020-09-04 13:00:00+00:00,48751.0,47085.86,1665.140625,1.8570232940799034,
2020-09-04 14:00:00+00:00,47214.0,45470.844,1743.15625,1.9150805691453265,
2020-09-04 15:00:00+00:00,46827.0,44967.703,1859.296875,1.9992169541708351,
2020-09-04 16:00:00+00:00,47249.0,46656.82,592.1796875,1.0415764298502124,
2020-09-05 01:00:00+00:00,34291.0,36836.758,-2545.7578125,-1.310876363084375,
2020-09-05 02:00:00+00:00,33193.0,35778.62,-2585.62109375,-1.3408141923694374,
2020-09-05 03:00:00+00:00,33426.0,35998.527,-2572.52734375,-1.328672614490866,
2020-09-05 04:00:00+00:00,34705.0,37247.516,-2542.515625,-1.304239439911884,
2020-09-05 05:00:00+00:00,35406.0,38740.434,-3334.43359375,-1.88997611389019,
2020-09-05 06:00:00+00:00,37776.0,40382.75,-2606.75,-1.346157350913835,
2020-09-05 08:00:00+00:00,41869.0,44426.527,-2557.52734375,-1.3058191907448518,
2020-09-05 09:00:00+00:00,43127.0,46246.96,-3119.9609375,-1.7159168353928285,
2020-09-05 10:00:00+00:00,45284.0,47443.547,-2159.546875,-1.003123591970503,
2020-09-05 11:00:00+00:00,44088.0,47064.17,-2976.171875,-1.602590814141273,
2020-09-05 12:00:00+00:00,42469.0,45623.164,-3154.1640625,-1.7337496350105408,
2020-09-05 13:00:00+00:00,41033.0,43378.234,-2345.234375,-1.138666903918056,
2020-09-05 15:00:00+00:00,39653.0,41995.11,-2342.109375,-1.1394438914945106,
2020-09-05 16:00:00+00:00,40599.0,43301.98,-2702.98046875,-1.4041829830948385,
2020-09-05 17:00:00+00:00,41360.0,43994.43,-2634.4296875,-1.3490949331708757,
2020-09-05 19:00:00+00:00,40800.0,43245.15,-2445.1484375,-1.2043247108030901,
2020-09-05 20:00:00+00:00,41333.0,43565.336,-2232.3359375,-1.0448060359832247,
2020-09-05 22:00:00+00:00,38819.0,42001.7,-3182.69921875,-1.7343321064266697,
2020-09-05 23:00:00+00:00,36411.0,39617.277,-3206.27734375,-1.7494103617815433,
2020-09-06 00:00:00+00:00,34897.0,38140.266,-3243.265625,-1.7793621513442899,
2020-09-06 01:00:00+00:00,32654.0,36283.91,-3629.91015625,-2.067792579766443,
2020-09-06 02:00:00+00:00,31478.0,35050.195,-3572.1953125,-2.0296627592222727,
2020-09-06 03:00:00+00:00,31502.0,35298.03,-3796.03125,-2.1966210178144143,
2020-09-06 04:00:00+00:00,32223.0,35906.914,-3683.9140625,-2.1171439668602003,
2020-09-06 05:00:00+00:00,32207.0,36372.34,-4165.33984375,-2.4752978350498953,
2020-09-06 06:00:00+00:00,34275.0,37370.27,-3095.26953125,-1.6906871574287603,
2020-09-06 17:00:00+00:00,41066.0,40145.402,920.59765625,1.2614759977652847,
2020-09-06 18:00:00+00:00,41709.0,40317.758,1391.2421875,1.6045791069224464,
2020-09-07 04:00:00+00:00,40336.0,39092.504,1243.49609375,1.4846029504819263,
2020-09-07 05:00:00+00:00,44364.0,41493.43,2870.5703125,2.6890901388216486,
2020-09-07 06:00:00+00:00,46732.0,43744.06,2987.94140625,2.741857140513697,
2020-09-07 07:00:00+00:00,48262.0,45853.37,2408.62890625,2.2791815400836297,
2020-09-07 08:00:00+00:00,48982.0,47306.82,1675.1796875,1.723203723603149,
2020-09-07 09:00:00+00:00,49784.0,48198.812,1585.1875,1.6478620757205127,
2020-09-07 10:00:00+00:00,50814.0,49310.324,1503.67578125,1.5827848805159652,
2020-09-07 11:00:00+00:00,50068.0,48030.11,2037.890625,1.9664884981052235,
2020-09-07 12:00:00+00:00,49173.0,46356.07,2816.9296875,2.520767630807597,
2020-09-07 13:00:00+00:00,47786.0,45545.035,2240.96484375,2.0929834747958886,
2020-09-07 14:00:00+00:00,46446.0,44500.08,1945.921875,1.8739625909634043,
2020-09-07 15:00:00+00:00,45672.0,44530.73,1141.26953125,1.2964764713117853,
2020-09-07 16:00:00+00:00,46795.0,45672.195,1122.8046875,1.2837413352436642,
2020-09-07 17:00:00+00:00,47904.0,47022.496,881.50390625,1.113291103920999,
2020-09-07 18:00:00+00:00,46885.0,45911.613,973.38671875,1.1810434394832863,
2020-09-08 12:00:00+00:00,50326.0,49292.12,1033.87890625,1.214281520287547,
2020-09-08 13:00:00+00:00,48829.0,47589.617,1239.3828125,1.361067608551817,
2020-09-08 14:00:00+00:00,47744.0,46137.25,1606.75,1.6243086458624265,
2020-09-08 15:00:00+00:00,47238.0,45811.668,1426.33203125,1.492073455934642,
2020-09-08 16:00:00+00:00,48130.0,46900.766,1229.234375,1.3465352969212128,
2020-09-08 17:00:00+00:00,48764.0,47977.0,787.0,1.02868017036659,
2020-09-08 18:00:00+00:00,47902.0,46679.574,1222.42578125,1.3341016006227213,
2020-09-08 19:00:00+00:00,46030.0,45264.348,765.65234375,1.0037016368680278,
2020-09-09 10:00:00+00:00,53015.0,51896.082,1118.91796875,1.2426048274475427,
2020-09-09 13:00:00+00:00,49902.0,49014.406,887.59375,1.073621654219851,
2020-09-10 02:00:00+00:00,35527.0,38092.86,-2565.859375,-1.3733768204090937,
2020-09-10 03:00:00+00:00,37162.0,39711.504,-2549.50390625,-1.3604282760067732,
2020-09-12 01:00:00+00:00,34701.0,36819.965,-2118.96484375,-1.076846550481842,
2020-09-12 02:00:00+00:00,33624.0,35686.418,-2062.41796875,-1.0406478855561032,
2020-09-12 03:00:00+00:00,33845.0,35922.906,-2077.90625,-1.0559079498513624,
2020-09-12 04:00:00+00:00,35102.0,37378.598,-2276.59765625,-1.2014678855348786,
2020-09-12 05:00:00+00:00,35867.0,38800.496,-2933.49609375,-1.6744345934973783,
2020-09-12 06:00:00+00:00,37890.0,40412.145,-2522.14453125,-1.3777196887324121,
2020-09-12 09:00:00+00:00,43892.0,46215.766,-2323.765625,-1.2376212874251888,
2020-09-12 11:00:00+00:00,44904.0,47069.39,-2165.390625,-1.1289196346009363,
2020-09-12 12:00:00+00:00,43561.0,45647.63,-2086.62890625,-1.0782750768854044,
2020-09-12 19:00:00+00:00,41492.0,43523.836,-2031.8359375,-1.0589766436720078,
2020-09-12 22:00:00+00:00,39579.0,42173.31,-2594.30859375,-1.4678495715333035,
2020-09-12 23:00:00+00:00,37124.0,39820.312,-2696.3125,-1.5427767095184721,
2020-09-13 00:00:00+00:00,35514.0,38421.934,-2907.93359375,-1.6986984377699197,
2020-09-13 01:00:00+00:00,33161.0,36619.926,-3458.92578125,-2.103452739001414,
2020-09-13 02:00:00+00:00,32047.0,35288.266,-3241.265625,-1.9467204501707303,
2020-09-13 03:00:00+00:00,31929.0,35416.367,-3487.3671875,-2.1297240645623403,
2020-09-13 04:00:00+00:00,32586.0,35974.465,-3388.46484375,-2.057331894746951,
2020-09-13 05:00:00+00:00,32666.0,36511.402,-3845.40234375,-2.389303569138416,
2020-09-13 06:00:00+00:00,34496.0,37503.836,-3007.8359375,-1.7721373431714627,
2020-09-13 07:00:00+00:00,37420.0,39446.066,-2026.06640625,-1.0524597650708016,
2020-09-13 18:00:00+00:00,43176.0,42027.117,1148.8828125,1.2605736737008393,
2020-09-13 22:00:00+00:00,38995.0,42014.28,-3019.28125,-1.7620913219021122,
2020-09-13 23:00:00+00:00,36695.0,39679.516,-2984.515625,-1.729842032352537,
2020-09-14 00:00:00+00:00,35324.0,38096.477,-2772.4765625,-1.570483634204816,
2020-09-14 01:00:00+00:00,33359.0,36547.297,-3188.296875,-1.8631539082788255,
2020-09-14 02:00:00+00:00,32980.0,35665.312,-2685.3125,-1.495215081457638,
2020-09-14 06:00:00+00:00,46392.0,45552.598,839.40234375,1.040473862972904,
2020-09-14 07:00:00+00:00,48362.0,46945.938,1416.0625,1.4619303342765666,
2020-09-14 08:00:00+00:00,49838.0,48430.824,1407.17578125,1.459915376887472,
2020-09-14 09:00:00+00:00,51539.0,49480.797,2058.203125,1.9293245755250694,
2020-09-14 10:00:00+00:00,53193.0,50568.234,2624.765625,2.3308221760585264,
2020-09-14 11:00:00+00:00,52720.0,49648.242,3071.7578125,2.6396968690401614,
2020-09-14 12:00:00+00:00,52258.0,48430.805,3827.1953125,3.164728840676955,
2020-09-14 13:00:00+00:00,51281.0,47352.434,3928.56640625,3.2180212027310864,
2020-09-14 14:00:00+00:00,50074.0,46133.938,3940.0625,3.192202578297742,
2020-09-14 15:00:00+00:00,49543.0,46451.934,3091.06640625,2.56043257967013,
2020-09-14 16:00:00+00:00,50577.0,47988.86,2588.140625,2.1887454078957727,
2020-09-14 17:00:00+00:00,51042.0,48997.07,2044.9296875,1.8035883540970736,
2020-09-14 18:00:00+00:00,49498.0,47963.5,1534.5,1.4498293909401976,
2020-09-15 10:00:00+00:00,54268.0,53295.36,972.640625,1.0825565062182845,
2020-09-15 11:00:00+00:00,53791.0,52870.01,920.98828125,1.0446388240045983,
2020-09-15 12:00:00+00:00,53617.0,52269.6,1347.3984375,1.3329041518508573,
2020-09-15 13:00:00+00:00,52690.0,51040.69,1649.30859375,1.53326150591919,
2020-09-15 14:00:00+00:00,51276.0,49665.316,1610.68359375,1.4987735815919754,
2020-09-15 15:00:00+00:00,50522.0,49373.816,1148.18359375,1.1772145740286795,
2020-09-17 02:00:00+00:00,36033.0,38245.848,-2212.84765625,-1.1021201516714936,
2020-09-17 21:00:00+00:00,45338.0,49328.098,-3990.09765625,-2.2977392714323863,
2020-09-17 22:00:00+00:00,41625.0,46498.26,-4873.26171875,-2.8732407627869323,
2020-09-18 02:00:00+00:00,35438.0,41389.324,-5951.32421875,-3.2119801097537364,
2020-09-18 03:00:00+00:00,37095.0,39897.74,-2802.73828125,-1.2484239243634578,
2020-09-18 04:00:00+00:00,41769.0,38661.44,3107.55859375,2.3295792828034427,
2020-09-18 08:00:00+00:00,50482.0,45395.12,5086.87890625,3.1126754337792915,
2020-09-18 09:00:00+00:00,51580.0,47188.926,4391.07421875,2.6901004612076784,
2020-09-18 10:00:00+00:00,52665.0,48977.746,3687.25390625,2.285933097282543,
2020-09-18 11:00:00+00:00,51804.0,50519.29,1284.7109375,1.0020246386049823,
2020-09-18 13:00:00+00:00,49993.0,52660.98,-2667.98046875,-1.076588686686708,
2020-09-18 14:00:00+00:00,48277.0,52041.195,-3764.1953125,-1.6458478773707752,
2020-09-18 15:00:00+00:00,47729.0,51089.934,-3360.93359375,-1.4224780986928145,
2020-09-19 00:00:00+00:00,37540.0,40519.406,-2979.40625,-1.2014803769127707,
2020-09-19 01:00:00+00:00,35438.0,39098.61,-3660.609375,-1.550554878093759,
2020-09-19 02:00:00+00:00,34310.0,37146.17,-2836.171875,-1.1110619665811208,
2020-09-19 22:00:00+00:00,39383.0,43332.758,-3949.7578125,-1.7581186953777865,
2020-09-19 23:00:00+00:00,36762.0,40955.707,-4193.70703125,-1.879051203001147,
2020-09-20 00:00:00+00:00,35204.0,39315.094,-4111.09375,-1.824663984375754,
2020-09-20 01:00:00+00:00,33066.0,37565.95,-4499.94921875,-2.017147104189102,
2020-09-20 02:00:00+00:00,31993.0,35985.645,-3992.64453125,-1.7432413418261001,
2020-09-20 03:00:00+00:00,31971.0,35883.434,-3912.43359375,-1.6969384852878273,
2020-09-20 04:00:00+00:00,32728.0,36444.336,-3716.3359375,-1.5911567627797856,
2020-09-20 05:00:00+00:00,33023.0,36938.797,-3915.796875,-1.6944875578880758,
2020-09-20 06:00:00+00:00,34544.0,38220.395,-3676.39453125,-1.5680327458942653,
2020-09-20 07:00:00+00:00,37468.0,40234.91,-2766.91015625,-1.0956538396989515,
2020-09-20 11:00:00+00:00,42672.0,45293.3,-2621.30078125,-1.0323300425044128,
2020-09-20 12:00:00+00:00,40606.0,43258.793,-2652.79296875,-1.0461096512639627,
2020-09-20 22:00:00+00:00,39104.0,42364.598,-3260.59765625,-1.3388561169022803,
2020-09-20 23:00:00+00:00,36771.0,39788.535,-3017.53515625,-1.2040116511791283,
2020-09-21 00:00:00+00:00,35369.0,38052.1,-2683.1015625,-1.0240004391595716,
2020-09-21 01:00:00+00:00,33396.0,36653.656,-3257.65625,-1.3168543650823792,
2020-09-21 02:00:00+00:00,33117.0,35931.473,-2814.47265625,-1.0824350298105634,
2020-09-21 07:00:00+00:00,48743.0,47302.184,1440.81640625,1.1087755116803202,
2020-09-21 11:00:00+00:00,50670.0,49180.92,1489.078125,1.1545124696333413,
2020-09-21 12:00:00+00:00,50089.0,47523.777,2565.22265625,1.7158886887586364,
2020-09-21 13:00:00+00:00,48919.0,46624.55,2294.44921875,1.5698134460547797,
2020-09-21 14:00:00+00:00,47631.0,45583.21,2047.7890625,1.4379635013716534,
2020-09-21 15:00:00+00:00,46902.0,45415.355,1486.64453125,1.146690639907042,
2020-09-21 16:00:00+00:00,47919.0,46277.598,1641.40234375,1.2328501905703269,
2020-09-21 17:00:00+00:00,49125.0,47636.836,1488.1640625,1.1554978573009023,
2020-09-21 18:00:00+00:00,48285.0,47026.496,1258.50390625,1.0374356122186565,
2020-09-27 08:00:00+00:00,45236.0,43829.36,1406.640625,1.137151482595777,
2020-09-27 09:00:00+00:00,47435.0,45964.64,1470.359375,1.1658331688363934,
2020-09-27 10:00:00+00:00,49708.0,47958.29,1749.7109375,1.3099531980368881,
2020-09-27 12:00:00+00:00,45352.0,43612.098,1739.90234375,1.2906791440843495,
2020-09-27 13:00:00+00:00,43597.0,41407.824,2189.17578125,1.5242603545001445,
2020-09-27 14:00:00+00:00,42435.0,40654.98,1780.01953125,1.2951698306670425,
2020-09-27 15:00:00+00:00,42816.0,40985.758,1830.2421875,1.3141517294638658,
2020-09-27 16:00:00+00:00,45351.0,42531.008,2819.9921875,1.8342712344189658,
2020-09-27 17:00:00+00:00,48508.0,45319.19,3188.80859375,2.0158911441641925,
2020-09-27 18:00:00+00:00,48423.0,45993.035,2429.96484375,1.5975440366650293,
2020-09-28 04:00:00+00:00,45635.0,43974.77,1660.23046875,1.1902212745793463,
2020-09-28 05:00:00+00:00,51074.0,46924.266,4149.734375,2.498483146130372,
2020-09-28 06:00:00+00:00,53502.0,49111.875,4390.125,2.595605000311599,
2020-09-28 07:00:00+00:00,55183.0,51503.297,3679.703125,2.1931066952095746,
2020-09-28 08:00:00+00:00,55927.0,54071.06,1855.94140625,1.2299882833538662,
2020-09-28 10:00:00+00:00,57680.0,55726.195,1953.8046875,1.2751060350990315,
2020-09-28 11:00:00+00:00,56412.0,53762.348,2649.65234375,1.6309721677426883,
2020-09-28 12:00:00+00:00,54776.0,51501.89,3274.109375,1.9453920744645743,
2020-09-28 13:00:00+00:00,52805.0,50682.773,2122.2265625,1.3485009034658928,
2020-09-29 05:00:00+00:00,52955.0,50098.605,2856.39453125,1.8359426943934023,
2020-09-29 06:00:00+00:00,54760.0,53305.4,1454.6015625,1.0763222691898364,
2020-09-29 23:00:00+00:00,45740.0,43634.48,2105.51953125,1.451328871019225,
2020-09-30 03:00:00+00:00,38846.0,42024.203,-3178.203125,-1.3785871144030406,
2020-09-30 04:00:00+00:00,40910.0,46428.395,-5518.39453125,-2.6156301429459914,
