timestamp,y_true,y_pred,residual,z_score
2020-03-28 00:00:00+00:00,49837.0,52873.652,-3036.65234375,-1.1326165281851361
2020-03-28 01:00:00+00:00,48567.0,51650.83,-3083.828125,-1.144252438371685
2020-03-29 09:00:00+00:00,49059.0,45862.625,3196.375,1.3526260252460585
2020-03-29 10:00:00+00:00,52694.0,47131.043,5562.95703125,2.2608008514491837
2020-03-29 11:00:00+00:00,51495.0,47855.47,3639.53125,1.4981116140201762
2020-03-29 12:00:00+00:00,49251.0,46192.06,3058.94140625,1.2656024747069285
2020-03-29 13:00:00+00:00,47375.0,43741.348,3633.65234375,1.4775105604716232
2020-03-29 14:00:00+00:00,46316.0,41374.434,4941.56640625,1.9659310521311661
2020-03-29 15:00:00+00:00,45874.0,40188.28,5685.71875,2.230432453945392
2020-03-29 16:00:00+00:00,48177.0,40831.523,7345.4765625,2.832283129502315
2020-03-29 17:00:00+00:00,51619.0,43080.4,8538.6015625,3.235935382813369
2020-03-29 18:00:00+00:00,53722.0,47818.36,5903.640625,2.2105093972950236
2020-03-29 19:00:00+00:00,53254.0,48566.22,4687.78125,1.7440129721469437
2020-03-29 20:00:00+00:00,54212.0,47811.21,6400.7890625,2.3539038336809384
2020-03-29 21:00:00+00:00,56460.0,48266.117,8193.8828125,2.9757930195757725
2020-03-29 22:00:00+00:00,54375.0,49457.45,4917.55078125,1.7594740323230262
2020-03-29 23:00:00+00:00,52784.0,47992.7,4791.30078125,1.7005441389359088
2020-03-30 00:00:00+00:00,51627.0,46401.63,5225.37109375,1.8411192322801813
2020-03-30 01:00:00+00:00,49451.0,45811.055,3639.9453125,1.2670004011755611
2020-03-30 02:00:00+00:00,48550.0,44987.062,3562.9375,1.2323874998786934
2020-03-30 03:00:00+00:00,50110.0,44529.05,5580.94921875,1.9331900410088811
2020-03-30 04:00:00+00:00,52592.0,44370.0,8222.0,2.83877321842411
2020-03-30 05:00:00+00:00,54550.0,46174.387,8375.61328125,2.8505179119448587
2020-03-30 06:00:00+00:00,57015.0,49354.92,7660.078125,2.564233980454011
2020-03-30 07:00:00+00:00,58966.0,51917.02,7048.98046875,2.325004903018692
2020-03-30 08:00:00+00:00,59182.0,53127.75,6054.25,1.9645872833908071
2020-03-30 09:00:00+00:00,59759.0,54023.902,5735.09765625,1.8404135496961742
2020-03-30 10:00:00+00:00,61788.0,56489.15,5298.8515625,1.6812485512071338
2020-03-30 11:00:00+00:00,59869.0,54979.13,4889.87109375,1.5365978020338
2020-03-30 12:00:00+00:00,56970.0,52512.812,4457.1875,1.388000930139499
2020-03-30 16:00:00+00:00,52907.0,55758.766,-2851.765625,-1.0245802251609037
2020-03-31 09:00:00+00:00,57415.0,60879.25,-3464.25,-1.1619198344240484
2020-03-31 11:00:00+00:00,56512.0,60179.367,-3667.3671875,-1.218498244887137
2020-03-31 12:00:00+00:00,53681.0,57238.96,-3557.9609375,-1.176773786692316
2020-03-31 13:00:00+00:00,50956.0,54420.996,-3464.99609375,-1.142317041355759
2020-04-04 10:00:00+00:00,49149.0,51177.668,-2028.66796875,-1.0386709092607134
2020-04-04 11:00:00+00:00,46634.0,49312.336,-2678.3359375,-1.3055729589070464
2020-04-04 12:00:00+00:00,43581.0,46661.914,-3080.9140625,-1.464675248506481
2020-04-04 13:00:00+00:00,41767.0,44322.305,-2555.3046875,-1.2373654799444562
2020-04-04 19:00:00+00:00,45607.0,47936.0,-2329.0,-1.1092505375049702
2020-04-04 20:00:00+00:00,46606.0,49481.414,-2875.4140625,-1.3288734332262808
2020-04-04 21:00:00+00:00,48679.0,51504.945,-2825.9453125,-1.3000582411600667
2020-04-04 22:00:00+00:00,46599.0,50074.406,-3475.40625,-1.559700779971551
2020-04-04 23:00:00+00:00,44854.0,48237.543,-3383.54296875,-1.5108432782319556
2020-04-05 00:00:00+00:00,43605.0,47063.79,-3458.7890625,-1.5311778514684549
2020-04-05 01:00:00+00:00,41021.0,45119.453,-4098.453125,-1.782117317824399
2020-04-05 02:00:00+00:00,39397.0,43708.652,-4311.65234375,-1.8545624611527263
2020-04-05 03:00:00+00:00,39363.0,43766.01,-4403.01171875,-1.87596454098682
2020-04-05 04:00:00+00:00,40205.0,44581.883,-4376.8828125,-1.8493829601464358
2020-04-05 05:00:00+00:00,40045.0,44667.645,-4622.64453125,-1.9325264849266177
2020-04-05 06:00:00+00:00,40891.0,44345.066,-3454.06640625,-1.4483743979562833
2020-04-05 15:00:00+00:00,36213.0,39287.75,-3074.75,-1.2591319241193204
2020-04-06 01:00:00+00:00,38251.0,40900.21,-2649.2109375,-1.0485424773771717
2020-04-06 02:00:00+00:00,37136.0,39899.06,-2763.05859375,-1.0898922341222823
2020-04-06 12:00:00+00:00,46428.0,43687.086,2740.9140625,1.0901561269365954
2020-04-06 13:00:00+00:00,44666.0,41920.72,2745.28125,1.085412348127368
2020-04-06 14:00:00+00:00,43176.0,40566.203,2609.796875,1.025120826710553
2020-04-06 21:00:00+00:00,49019.0,46315.9,2703.1015625,1.0373019718280785
2020-04-07 05:00:00+00:00,44243.0,46740.535,-2497.53515625,-1.0692130009568397
2020-04-08 03:00:00+00:00,38419.0,41184.89,-2765.890625,-1.147202968615733
2020-04-08 04:00:00+00:00,40562.0,44560.355,-3998.35546875,-1.6712673570618926
2020-04-08 05:00:00+00:00,42130.0,47292.707,-5162.70703125,-2.157881332743129
2020-04-08 06:00:00+00:00,44343.0,49574.15,-5231.1484375,-2.165721616783183
2020-04-08 07:00:00+00:00,45837.0,50197.273,-4360.2734375,-1.776305794901091
2020-04-08 08:00:00+00:00,46240.0,48961.62,-2721.62109375,-1.0733257039139987
2020-04-09 05:00:00+00:00,41161.0,44120.676,-2959.67578125,-1.151855768895186
2020-04-09 06:00:00+00:00,43304.0,46666.445,-3362.4453125,-1.3139959754608945
2020-04-09 07:00:00+00:00,44480.0,47758.184,-3278.18359375,-1.2711423342819042
2020-04-10 03:00:00+00:00,36022.0,38851.535,-2829.53515625,-1.030499857495881
2020-04-10 04:00:00+00:00,37944.0,42118.62,-4174.62109375,-1.5901947469981432
2020-04-10 05:00:00+00:00,39161.0,43966.78,-4805.78125,-1.843257965426339
2020-04-10 06:00:00+00:00,41340.0,45495.07,-4155.0703125,-1.5562073643937109
2020-04-11 05:00:00+00:00,34065.0,37278.64,-3213.640625,-1.1607141057106611
2020-04-11 06:00:00+00:00,35438.0,38486.88,-3048.87890625,-1.086918522193307
2020-04-11 07:00:00+00:00,37423.0,40333.28,-2910.28125,-1.0263700927986024
2020-04-12 05:00:00+00:00,31910.0,35203.812,-3293.8125,-1.2066566201320237
2020-04-13 00:00:00+00:00,35877.0,39027.605,-3150.60546875,-1.196954277117194
2020-04-13 01:00:00+00:00,33236.0,37248.64,-4012.640625,-1.627914768661698
2020-04-13 02:00:00+00:00,31849.0,35909.156,-4060.15625,-1.6456527629338418
2020-04-13 03:00:00+00:00,32120.0,35803.617,-3683.6171875,-1.450164655886759
2020-04-13 04:00:00+00:00,32803.0,37763.605,-4960.60546875,-2.103664779207679
2020-04-13 05:00:00+00:00,32714.0,39744.586,-7030.5859375,-3.218305011723535
2020-04-13 07:00:00+00:00,36456.0,43855.996,-7399.99609375,-3.4706246286667555
2020-04-13 08:00:00+00:00,38355.0,44903.293,-6548.29296875,-3.019129372959348
2020-04-13 09:00:00+00:00,40664.0,46440.016,-5776.015625,-2.6009461558049174
2020-04-13 10:00:00+00:00,43366.0,48178.418,-4812.41796875,-2.0756554699047998
2020-04-13 11:00:00+00:00,41744.0,46784.83,-5040.828125,-2.2130260016320955
2020-04-13 12:00:00+00:00,39513.0,45164.746,-5651.74609375,-2.564467843088218
2020-04-13 13:00:00+00:00,37810.0,44086.176,-6276.17578125,-2.917005743204548
2020-04-13 14:00:00+00:00,36753.0,42685.992,-5932.9921875,-2.6921421713725904
2020-04-13 15:00:00+00:00,36401.0,41892.797,-5491.796875,-2.408341162030821
2020-04-13 16:00:00+00:00,37513.0,42733.023,-5220.0234375,-2.2302209519135676
2020-04-13 17:00:00+00:00,39964.0,44608.715,-4644.71484375,-1.8941502805709551
2020-04-13 18:00:00+00:00,39299.0,44030.4,-4731.3984375,-1.9284826457010853
2020-04-14 04:00:00+00:00,38885.0,38264.035,620.96484375,1.0179765874129663
2020-04-14 05:00:00+00:00,40622.0,39642.59,979.41015625,1.2087355743053796
2020-04-14 06:00:00+00:00,43286.0,41921.816,1364.18359375,1.4120098440012097
2020-04-14 10:00:00+00:00,49207.0,47856.535,1350.46484375,1.3853078671534562
2020-04-14 11:00:00+00:00,47524.0,46831.188,692.8125,1.0169692297556203
2020-04-14 19:00:00+00:00,43636.0,42677.203,958.796875,1.1481811070337034
2020-04-14 20:00:00+00:00,44741.0,43499.22,1241.78125,1.298985376209286
2020-04-14 21:00:00+00:00,46815.0,44963.16,1851.83984375,1.6278450912722862
2020-04-14 22:00:00+00:00,44897.0,43524.6,1372.3984375,1.3564018800752051
2020-04-14 23:00:00+00:00,42825.0,41813.562,1011.4375,1.1516684008485134
2020-04-15 00:00:00+00:00,41562.0,40653.133,908.8671875,1.0899795134079209
2020-04-15 03:00:00+00:00,39667.0,38669.13,997.87109375,1.1237591478864475
2020-04-15 04:00:00+00:00,41894.0,40909.883,984.1171875,1.1116767657914377
2020-04-15 06:00:00+00:00,45636.0,44448.938,1187.0625,1.2206085989014932
2020-04-15 07:00:00+00:00,46998.0,45044.625,1953.375,1.6340828172710749
2020-04-15 08:00:00+00:00,47129.0,44926.58,2202.421875,1.764840944660131
2020-04-15 09:00:00+00:00,47994.0,45867.016,2126.984375,1.717027335333138
2020-04-15 10:00:00+00:00,49409.0,47214.43,2194.5703125,1.7454286719549035
2020-04-15 11:00:00+00:00,47450.0,45847.83,1602.171875,1.4220115561837843
2020-04-15 12:00:00+00:00,45331.0,43665.465,1665.53515625,1.4509019179257807
2020-04-15 13:00:00+00:00,43441.0,42011.83,1429.171875,1.320034030601842
2020-04-15 14:00:00+00:00,41583.0,40113.59,1469.41015625,1.3367957871571559
2020-04-15 15:00:00+00:00,40416.0,39088.367,1327.6328125,1.255060077360866
2020-04-15 16:00:00+00:00,41760.0,39850.883,1909.1171875,1.5569640619326284
2020-04-15 17:00:00+00:00,44046.0,42826.96,1219.0390625,1.1829035006825617
2020-04-16 03:00:00+00:00,37751.0,40772.723,-3021.72265625,-1.0491291432782925
2020-04-16 04:00:00+00:00,39524.0,44077.7,-4553.69921875,-1.8440855208621905
2020-04-16 05:00:00+00:00,40995.0,46392.79,-5397.7890625,-2.269371356931353
2020-04-16 06:00:00+00:00,43120.0,48375.54,-5255.5390625,-2.173144366449963
2020-04-16 07:00:00+00:00,45087.0,48952.65,-3865.6484375,-1.4355695970629156
2020-04-17 04:00:00+00:00,37925.0,41179.22,-3254.21875,-1.0831453638276816
2020-04-17 05:00:00+00:00,39137.0,43343.188,-4206.1875,-1.5825001753419716
2020-04-17 06:00:00+00:00,41437.0,45674.785,-4237.78515625,-1.5878391646018493
2020-04-17 07:00:00+00:00,42976.0,47111.668,-4135.66796875,-1.522431116652621
2020-04-17 12:00:00+00:00,43840.0,42891.82,948.1796875,1.1766493903612305
2020-04-17 13:00:00+00:00,41769.0,41139.26,629.73828125,1.005043219287456
2020-04-17 14:00:00+00:00,40138.0,39469.23,668.76953125,1.023260920272588
2020-04-18 03:00:00+00:00,33222.0,36456.504,-3234.50390625,-1.0167766536363534
2020-04-18 04:00:00+00:00,33778.0,37317.684,-3539.68359375,-1.17169733363333
2020-04-18 05:00:00+00:00,33736.0,37998.387,-4262.38671875,-1.5460950801779396
2020-04-18 06:00:00+00:00,35295.0,39522.13,-4227.12890625,-1.5169543410484385
2020-04-18 07:00:00+00:00,37535.0,41243.89,-3708.890625,-1.2341900866391669
2020-04-18 08:00:00+00:00,39082.0,42503.88,-3421.87890625,-1.0763294158316543
2020-04-19 03:00:00+00:00,31362.0,34613.508,-3251.5078125,-1.0326778964713064
2020-04-19 04:00:00+00:00,31246.0,34559.367,-3313.3671875,-1.0698537799625771
2020-04-19 05:00:00+00:00,31091.0,34765.695,-3674.6953125,-1.266231463673759
2020-04-19 10:00:00+00:00,43819.0,42215.574,1603.42578125,1.540502468418865
2020-04-19 11:00:00+00:00,41858.0,41141.727,716.2734375,1.0597157039134473
2020-04-21 08:00:00+00:00,45704.0,44220.695,1483.3046875,1.6488604385312733
2020-04-21 09:00:00+00:00,47329.0,44866.73,2462.26953125,2.2035642365998487
2020-04-21 10:00:00+00:00,49247.0,46547.047,2699.953125,2.3277258998158548
2020-04-21 11:00:00+00:00,47890.0,46165.41,1724.58984375,1.7640688928546957
2020-04-21 12:00:00+00:00,45979.0,44884.285,1094.71484375,1.4041472319173123
2020-04-22 05:00:00+00:00,40553.0,44270.203,-3717.203125,-1.3382735466016369
2020-04-22 06:00:00+00:00,43594.0,47309.273,-3715.2734375,-1.345310491980511
2020-04-22 07:00:00+00:00,44972.0,48249.227,-3277.2265625,-1.1052454056303223
2020-04-23 10:00:00+00:00,48636.0,47302.45,1333.55078125,1.4910520286252087
2020-04-23 11:00:00+00:00,46855.0,44994.72,1860.28125,1.781431486275465
2020-04-23 12:00:00+00:00,45445.0,42940.86,2504.140625,2.1331031205619895
2020-04-23 13:00:00+00:00,43937.0,41750.316,2186.68359375,1.9371206983080995
2020-04-23 14:00:00+00:00,42227.0,40244.133,1982.8671875,1.8091636212975968
2020-04-23 15:00:00+00:00,41208.0,39458.582,1749.41796875,1.667952277062533
2020-04-23 16:00:00+00:00,41879.0,40904.023,974.9765625,1.2285006393331854
2020-04-23 21:00:00+00:00,45918.0,44994.6,923.3984375,1.1839452130607728
2020-04-24 04:00:00+00:00,37795.0,41539.938,-3744.9375,-1.3988896071037664
2020-04-24 05:00:00+00:00,39454.0,43775.246,-4321.24609375,-1.7181339776468443
2020-04-24 06:00:00+00:00,41968.0,45756.727,-3788.7265625,-1.4280698720167346
2020-04-25 04:00:00+00:00,33317.0,36834.48,-3517.48046875,-1.279099430685706
2020-04-25 05:00:00+00:00,33347.0,37711.324,-4364.32421875,-1.7427076574185505
2020-04-25 06:00:00+00:00,34966.0,39350.44,-4384.44140625,-1.7472154608781307
2020-04-25 07:00:00+00:00,37283.0,41365.96,-4082.9609375,-1.5745846264710792
2020-04-25 08:00:00+00:00,38598.0,42109.13,-3511.12890625,-1.2563015052602344
2020-04-26 10:00:00+00:00,42767.0,41520.812,1246.1875,1.354713103258016
2020-04-26 21:00:00+00:00,43201.0,42523.57,677.4296875,1.0157869104289312
2020-04-28 04:00:00+00:00,37287.0,40163.402,-2876.40234375,-1.2918468786370154
2020-04-28 05:00:00+00:00,39162.0,42107.535,-2945.53515625,-1.3298728638974668
2020-04-28 08:00:00+00:00,45389.0,43368.574,2020.42578125,2.001707686362431
2020-04-28 09:00:00+00:00,47062.0,43204.63,3857.37109375,3.2055350995868426
2020-04-28 15:00:00+00:00,42130.0,37991.438,4138.5625,2.8932232209719557
2020-04-28 16:00:00+00:00,43171.0,39581.76,3589.23828125,2.5368055862109973
2020-04-28 17:00:00+00:00,45064.0,41601.363,3462.63671875,2.4330681893276918
2020-04-28 18:00:00+00:00,43913.0,41257.21,2655.7890625,1.951008728153975
2020-04-28 19:00:00+00:00,43191.0,40676.14,2514.859375,1.8588327530788828
2020-04-28 20:00:00+00:00,44487.0,42150.535,2336.46484375,1.7499104533200012
2020-04-28 21:00:00+00:00,45994.0,44281.867,1712.1328125,1.3961325397657134
2020-04-28 22:00:00+00:00,43673.0,42326.582,1346.41796875,1.1932687344292185
2020-04-29 05:00:00+00:00,40416.0,44166.76,-3750.76171875,-1.640728112943684
2020-04-29 06:00:00+00:00,43262.0,47342.14,-4080.140625,-1.8119643969797385
2020-04-29 07:00:00+00:00,45174.0,48779.0,-3605.0,-1.5341484223474229
2020-04-29 08:00:00+00:00,46054.0,49285.14,-3231.140625,-1.3176036987130637
2020-04-30 10:00:00+00:00,50029.0,47674.227,2354.7734375,1.9362384584476329
2020-04-30 11:00:00+00:00,48622.0,44820.938,3801.0625,2.7725698716633187
2020-04-30 12:00:00+00:00,46909.0,42134.207,4774.79296875,3.3017807934757917
2020-04-30 13:00:00+00:00,44626.0,40540.68,4085.3203125,2.845268697512086
2020-04-30 14:00:00+00:00,42745.0,39515.254,3229.74609375,2.3181038002729686
2020-04-30 15:00:00+00:00,41625.0,39477.39,2147.609375,1.6844126269439232
2020-05-01 02:00:00+00:00,34601.0,37555.707,-2954.70703125,-1.1861865208650952
2020-05-01 03:00:00+00:00,34230.0,38567.016,-4337.015625,-1.9534246362905243
2020-05-01 04:00:00+00:00,34027.0,41142.016,-7115.015625,-3.486472864754634
2020-05-01 08:00:00+00:00,39486.0,46689.234,-7203.234375,-3.140489318851297
2020-05-01 09:00:00+00:00,41502.0,47867.285,-6365.28515625,-2.680673427439478
2020-05-01 10:00:00+00:00,44486.0,49449.926,-4963.92578125,-1.9635455782529374
2020-05-01 11:00:00+00:00,42833.0,48181.51,-5348.51171875,-2.1320131864988716
2020-05-01 12:00:00+00:00,40201.0,46496.484,-6295.484375,-2.566622780557988
2020-05-01 13:00:00+00:00,38986.0,44453.598,-5467.59765625,-2.1398034191984476
2020-05-01 14:00:00+00:00,37892.0,42058.418,-4166.41796875,-1.501488790667978
2020-05-01 15:00:00+00:00,37449.0,40661.93,-3212.9296875,-1.0398935989941345
2020-05-02 16:00:00+00:00,40507.0,38724.387,1782.61328125,1.296714689488164
2020-05-02 17:00:00+00:00,42519.0,40897.363,1621.63671875,1.2136866223717477
2020-05-02 21:00:00+00:00,45146.0,43532.895,1613.10546875,1.1951618979323984
2020-05-04 00:00:00+00:00,37741.0,40845.547,-3104.546875,-1.05161378324464
2020-05-04 01:00:00+00:00,35484.0,39055.297,-3571.296875,-1.2718594861177608
2020-05-04 02:00:00+00:00,34566.0,37824.21,-3258.2109375,-1.1196237698743396
2020-05-04 16:00:00+00:00,41805.0,44993.41,-3188.41015625,-1.089257997920563
2020-05-05 02:00:00+00:00,34756.0,37786.59,-3030.58984375,-1.003483532858946
2020-05-05 03:00:00+00:00,35573.0,38900.26,-3327.26171875,-1.1427224448763962
2020-05-05 04:00:00+00:00,37225.0,41280.88,-4055.87890625,-1.4851457619510686
2020-05-05 05:00:00+00:00,39402.0,44093.254,-4691.25390625,-1.7806403228213887
2020-05-05 06:00:00+00:00,42652.0,46144.547,-3492.546875,-1.205182339765233
2020-05-05 08:00:00+00:00,45758.0,44466.9,1291.1015625,1.0509225420657042
2020-05-05 09:00:00+00:00,46930.0,44058.52,2871.48046875,1.79506571091751
2020-05-05 10:00:00+00:00,48948.0,44922.246,4025.75390625,2.3353033835270702
2020-05-05 11:00:00+00:00,47755.0,43170.023,4584.9765625,2.586619701874433
2020-05-05 12:00:00+00:00,46269.0,41111.14,5157.859375,2.8293892551608524
2020-05-05 13:00:00+00:00,44572.0,39561.21,5010.7890625,2.726722128953077
2020-05-05 14:00:00+00:00,43055.0,38523.57,4531.4296875,2.4736880332437843
2020-05-05 15:00:00+00:00,42148.0,38273.56,3874.44140625,2.1491285009417544
2020-05-05 16:00:00+00:00,43266.0,39658.51,3607.48828125,2.009356553949796
2020-05-05 17:00:00+00:00,45241.0,42318.977,2922.0234375,1.6881274322934994
2020-05-05 18:00:00+00:00,43915.0,41991.08,1923.921875,1.2352645821654862
2020-05-05 19:00:00+00:00,43159.0,41358.34,1800.66015625,1.1757528402116175
2020-05-05 20:00:00+00:00,44360.0,42857.086,1502.9140625,1.0402811131395366
2020-05-05 21:00:00+00:00,45823.0,44224.297,1598.703125,1.0796143752751837
2020-05-06 05:00:00+00:00,40360.0,43650.16,-3290.16015625,-1.0851419333050736
2020-05-06 06:00:00+00:00,43652.0,46806.656,-3154.65625,-1.0267098367328897
2020-05-07 05:00:00+00:00,40538.0,43900.11,-3362.109375,-1.0941304318536782
2020-05-07 06:00:00+00:00,43439.0,46796.01,-3357.01171875,-1.0899452002897556
2020-05-07 09:00:00+00:00,45844.0,44383.06,1460.94140625,1.0273437122199907
2020-05-07 10:00:00+00:00,47724.0,44985.35,2738.6484375,1.5854038420916405
2020-05-07 11:00:00+00:00,46374.0,42952.92,3421.078125,1.8785684918024768
2020-05-07 12:00:00+00:00,44922.0,41016.13,3905.87109375,2.0822329408645817
2020-05-07 13:00:00+00:00,43346.0,39607.312,3738.6875,2.0010083639475775
2020-05-07 14:00:00+00:00,41864.0,38413.043,3450.95703125,1.8676299498326794
2020-05-07 15:00:00+00:00,41189.0,38049.71,3139.2890625,1.725579650838431
2020-05-07 16:00:00+00:00,41919.0,39319.426,2599.57421875,1.486736533767206
2020-05-07 17:00:00+00:00,43402.0,41835.44,1566.55859375,1.0368462436128418
2020-05-08 03:00:00+00:00,32992.0,37670.242,-4678.2421875,-1.6422013048784072
2020-05-08 04:00:00+00:00,32718.0,40341.254,-7623.25390625,-2.8882039608287347
2020-05-08 07:00:00+00:00,36960.0,45577.31,-8617.30859375,-3.1339568364188373
2020-05-08 08:00:00+00:00,38556.0,45308.918,-6752.91796875,-2.3372921375578852
2020-05-08 09:00:00+00:00,40348.0,45958.074,-5610.07421875,-1.8584495650717063
2020-05-08 10:00:00+00:00,43231.0,47336.17,-4105.171875,-1.2485785313225226
2020-05-08 11:00:00+00:00,41665.0,45843.7,-4178.69921875,-1.2705102388103067
2020-05-08 12:00:00+00:00,39970.0,44120.875,-4150.875,-1.2520382872398865
2020-05-08 13:00:00+00:00,38589.0,42805.76,-4216.76171875,-1.2706688948982476
2020-05-08 14:00:00+00:00,37552.0,41239.406,-3687.40625,-1.056624301337566
2020-05-10 04:00:00+00:00,29398.0,33202.793,-3804.79296875,-1.0934472722544015
2020-05-10 05:00:00+00:00,29886.0,33751.66,-3865.66015625,-1.1145054294622618
2020-05-11 04:00:00+00:00,36885.0,34813.4,2071.6015625,1.2032637312591843
2020-05-11 05:00:00+00:00,40282.0,37239.254,3042.74609375,1.575549670215728
2020-05-11 06:00:00+00:00,44001.0,40913.08,3087.921875,1.582643023170674
2020-05-11 07:00:00+00:00,46435.0,44007.01,2427.98828125,1.317359147766929
2020-05-11 10:00:00+00:00,50867.0,49088.617,1778.3828125,1.050243456117065
2020-05-11 11:00:00+00:00,49842.0,47082.867,2759.1328125,1.4211723333991206
2020-05-11 12:00:00+00:00,48396.0,45179.656,3216.34375,1.587182549199228
2020-05-11 13:00:00+00:00,46596.0,44542.312,2053.6875,1.1332618566002108
2020-05-11 14:00:00+00:00,45292.0,43519.297,1772.703125,1.0200109451082409
2020-05-11 20:00:00+00:00,45590.0,43253.85,2336.1484375,1.2131845672108081
2020-05-11 21:00:00+00:00,47257.0,44379.09,2877.91015625,1.4119621177191366
2020-05-11 22:00:00+00:00,44498.0,42665.418,1832.58203125,1.0112505577887225
2020-05-12 05:00:00+00:00,45141.0,42625.348,2515.65234375,1.2389398366609914
2020-05-12 06:00:00+00:00,48497.0,45552.73,2944.26953125,1.39194937624272
2020-05-12 10:00:00+00:00,51993.0,50007.004,1985.99609375,1.028915173838694
2020-05-13 10:00:00+00:00,53266.0,51525.508,1740.4921875,1.0435481576900756
2020-05-13 11:00:00+00:00,51742.0,49571.227,2170.7734375,1.2118127949846216
2020-05-13 12:00:00+00:00,49836.0,47744.46,2091.5390625,1.1731091254219945
2020-05-13 13:00:00+00:00,48051.0,45989.008,2061.9921875,1.1544392835888388
2020-05-13 14:00:00+00:00,46766.0,44316.22,2449.78125,1.303358218821365
2020-05-13 15:00:00+00:00,45908.0,43658.37,2249.62890625,1.2150082799198878
2020-05-16 05:00:00+00:00,37808.0,40449.477,-2641.4765625,-1.0359919586202206
2020-05-16 07:00:00+00:00,41926.0,44552.805,-2626.8046875,-1.0225538784114412
2020-05-16 08:00:00+00:00,42554.0,45445.62,-2891.62109375,-1.1420221904607362
2020-05-16 09:00:00+00:00,43374.0,46408.97,-3034.96875,-1.2031393122280196
2020-05-16 12:00:00+00:00,41422.0,44090.49,-2668.48828125,-1.0157461907203378
2020-05-16 13:00:00+00:00,39676.0,42405.195,-2729.1953125,-1.0385117549785476
2020-05-17 02:00:00+00:00,33637.0,36359.676,-2722.67578125,-1.0047791259905277
2020-05-17 03:00:00+00:00,33186.0,36334.56,-3148.55859375,-1.2005694785955758
2020-05-17 04:00:00+00:00,32706.0,36091.266,-3385.265625,-1.3073061534897144
2020-05-17 05:00:00+00:00,33402.0,36715.91,-3313.91015625,-1.2709670517338207
2020-05-18 01:00:00+00:00,34703.0,37452.24,-2749.23828125,-1.0343258379535318
2020-05-18 06:00:00+00:00,44897.0,43088.375,1808.625,1.0931209353666056
2020-05-18 07:00:00+00:00,46642.0,44704.39,1937.609375,1.148033950139697
2020-05-18 08:00:00+00:00,47162.0,45221.516,1940.484375,1.1433395326991251
2020-05-18 12:00:00+00:00,47030.0,44920.633,2109.3671875,1.203939995277775
2020-05-19 03:00:00+00:00,35891.0,38780.824,-2889.82421875,-1.1650869330972484
2020-05-19 04:00:00+00:00,38058.0,41718.3,-3660.30078125,-1.5276121815136194
2020-05-19 05:00:00+00:00,41579.0,44699.8,-3120.80078125,-1.2765178489086435
2020-05-20 04:00:00+00:00,37346.0,40466.68,-3120.6796875,-1.3033968578669202
2020-05-20 05:00:00+00:00,40482.0,43713.35,-3231.3515625,-1.3561223868097232
2020-05-21 01:00:00+00:00,34464.0,37089.7,-2625.69921875,-1.1032286322500262
2020-05-21 02:00:00+00:00,32834.0,36465.91,-3631.91015625,-1.6161221365926153
2020-05-21 03:00:00+00:00,32119.0,37226.82,-5107.8203125,-2.3629101637242487
2020-05-21 07:00:00+00:00,37815.0,45623.66,-7808.66015625,-3.4582757307158243
2020-05-21 08:00:00+00:00,39765.0,46356.633,-6591.6328125,-2.824893225319526
2020-05-21 09:00:00+00:00,41348.0,47342.184,-5994.18359375,-2.5072664344614766
2020-05-21 10:00:00+00:00,43609.0,48802.348,-5193.34765625,-2.1100511068047227
2020-05-21 11:00:00+00:00,41967.0,48115.832,-6148.83203125,-2.529567104050696
2020-05-21 12:00:00+00:00,40254.0,46553.285,-6299.28515625,-2.5741049138231413
2020-05-21 13:00:00+00:00,38896.0,45265.34,-6369.33984375,-2.5834451837660732
2020-05-21 14:00:00+00:00,38041.0,43836.402,-5795.40234375,-2.3005385313851034
2020-05-21 15:00:00+00:00,37951.0,42770.457,-4819.45703125,-1.842382556513567
2020-05-21 16:00:00+00:00,38935.0,42992.64,-4057.640625,-1.4876297942948253
2020-05-21 17:00:00+00:00,40189.0,43822.54,-3633.5390625,-1.2878181626715601
2020-05-22 02:00:00+00:00,32411.0,35584.16,-3173.16015625,-1.0537333988945772
2020-05-23 02:00:00+00:00,31993.0,34519.766,-2526.765625,-1.0076336578552834
2020-05-23 03:00:00+00:00,31631.0,34610.145,-2979.14453125,-1.2451258008403618
2020-05-23 04:00:00+00:00,31519.0,35154.293,-3635.29296875,-1.5891986579077526
2020-05-23 05:00:00+00:00,32595.0,36347.54,-3752.5390625,-1.649721436692726
2020-05-23 06:00:00+00:00,34562.0,38185.73,-3623.73046875,-1.5810609749817273
2020-05-23 07:00:00+00:00,37237.0,40548.496,-3311.49609375,-1.4129245195674722
2020-05-23 08:00:00+00:00,39005.0,41648.7,-2643.69921875,-1.0595313167833615
2020-05-24 04:00:00+00:00,30121.0,32809.543,-2688.54296875,-1.0669312615163957
2020-05-24 05:00:00+00:00,30837.0,33459.402,-2622.40234375,-1.0367360077697831
2020-05-25 05:00:00+00:00,39965.0,37880.223,2084.77734375,1.4390510635571157
2020-05-25 06:00:00+00:00,43394.0,40785.918,2608.08203125,1.7196195742628515
2020-05-25 07:00:00+00:00,45324.0,43490.914,1833.0859375,1.314321464394063
2020-05-25 12:00:00+00:00,47018.0,45598.33,1419.671875,1.1169402804727933
2020-05-30 03:00:00+00:00,31939.0,34891.77,-2952.76953125,-1.1587002855711315
2020-05-30 04:00:00+00:00,32105.0,36015.457,-3910.45703125,-1.7270058765015597
2020-05-30 05:00:00+00:00,33482.0,36998.477,-3516.4765625,-1.484693113068356
2020-05-31 02:00:00+00:00,30439.0,33140.477,-2701.4765625,-1.0278573018986406
2020-05-31 03:00:00+00:00,29848.0,32802.06,-2954.05859375,-1.179386687750635
2020-05-31 04:00:00+00:00,29431.0,32769.74,-3338.73828125,-1.41099890813573
2020-05-31 05:00:00+00:00,30506.0,33369.066,-2863.06640625,-1.1258738336622929
2020-06-01 01:00:00+00:00,31404.0,34146.715,-2742.71484375,-1.0438303728541887
2020-06-01 02:00:00+00:00,30377.0,33348.723,-2971.72265625,-1.181904684219281
2020-06-01 03:00:00+00:00,30382.0,33465.848,-3083.84765625,-1.2471985000053494
2020-06-01 04:00:00+00:00,30585.0,34747.414,-4162.4140625,-1.8884533330007311
2020-06-01 05:00:00+00:00,32147.0,37723.88,-5576.87890625,-2.7180109913124544
2020-06-01 06:00:00+00:00,34693.0,40984.8,-6291.80078125,-3.1060288069038293
2020-06-01 07:00:00+00:00,37207.0,43365.91,-6158.91015625,-2.9833561945564506
2020-06-01 08:00:00+00:00,39114.0,44660.64,-5546.640625,-2.588046578232352
2020-06-01 09:00:00+00:00,40650.0,46087.77,-5437.76953125,-2.4986998301951573
2020-06-01 10:00:00+00:00,42983.0,47279.945,-4296.9453125,-1.8160795383143185
2020-06-01 11:00:00+00:00,42038.0,46956.3,-4918.30078125,-2.1613759198525067
2020-06-01 12:00:00+00:00,40761.0,45686.19,-4925.19140625,-2.1473502524427612
2020-06-01 13:00:00+00:00,39341.0,44651.6,-5310.6015625,-2.3527375316019206
2020-06-01 14:00:00+00:00,37887.0,43276.66,-5389.66015625,-2.3745685884376355
2020-06-01 15:00:00+00:00,37444.0,42324.62,-4880.62109375,-2.0620870200862917
2020-06-01 16:00:00+00:00,38665.0,42485.72,-3820.71875,-1.4464672676416064
2020-06-02 05:00:00+00:00,40481.0,38305.4,2175.6015625,1.949796941037718
2020-06-02 06:00:00+00:00,44189.0,41428.68,2760.3203125,2.2624397328108152
2020-06-02 07:00:00+00:00,46531.0,43975.324,2555.67578125,2.123957928878424
2020-06-02 08:00:00+00:00,47875.0,45619.973,2255.02734375,1.936730676142878
2020-06-02 09:00:00+00:00,49281.0,46527.31,2753.69140625,2.1955740769927816
2020-06-02 10:00:00+00:00,50730.0,47370.09,3359.91015625,2.5071364242608616
2020-06-02 11:00:00+00:00,50016.0,47051.32,2964.6796875,2.265085694781006
2020-06-02 12:00:00+00:00,49368.0,46199.723,3168.27734375,2.353845064560582
2020-06-02 13:00:00+00:00,47996.0,45329.156,2666.84375,2.0628656888857617
2020-06-02 14:00:00+00:00,46757.0,44123.273,2633.7265625,2.028607889396315
2020-06-02 15:00:00+00:00,45709.0,43260.62,2448.37890625,1.9145103200862266
2020-06-02 16:00:00+00:00,46144.0,43678.14,2465.859375,1.90991055046716
2020-06-02 17:00:00+00:00,46269.0,44440.69,1828.30859375,1.5622900244069196
2020-06-02 18:00:00+00:00,44074.0,42945.94,1128.05859375,1.187477614647287
2020-06-02 19:00:00+00:00,42500.0,41593.02,906.98046875,1.0674973100315635
2020-06-02 20:00:00+00:00,44801.0,42802.207,1998.79296875,1.632744761682349
2020-06-02 21:00:00+00:00,45734.0,43610.547,2123.453125,1.6896701505189242
2020-06-04 07:00:00+00:00,47894.0,47079.87,814.12890625,1.0264378252172275
2020-06-04 09:00:00+00:00,50164.0,49345.73,818.26953125,1.039116306034768
2020-06-04 12:00:00+00:00,48684.0,47618.05,1065.94921875,1.190339088439996
2020-06-04 16:00:00+00:00,45035.0,44262.234,772.765625,1.0197349527224555
2020-06-06 03:00:00+00:00,32210.0,35162.465,-2952.46484375,-1.4582739478833098
2020-06-06 04:00:00+00:00,32388.0,36386.465,-3998.46484375,-2.1475954291417323
2020-06-06 05:00:00+00:00,33905.0,37405.926,-3500.92578125,-1.8164586975230794
2020-06-06 06:00:00+00:00,36156.0,39137.254,-2981.25390625,-1.476441107519082
2020-06-06 07:00:00+00:00,38752.0,41480.34,-2728.33984375,-1.313948734317974
2020-06-06 08:00:00+00:00,40200.0,42642.32,-2442.3203125,-1.12829257518855
2020-06-06 09:00:00+00:00,41318.0,43661.0,-2343.0,-1.0635353797545035
2020-06-07 01:00:00+00:00,32532.0,35101.438,-2569.4375,-1.1973040742712358
2020-06-07 02:00:00+00:00,31205.0,33936.26,-2731.26171875,-1.3012041197710638
2020-06-07 03:00:00+00:00,30583.0,33591.316,-3008.31640625,-1.4815427367747527
2020-06-07 04:00:00+00:00,30279.0,33476.984,-3197.984375,-1.6026952665383722
2020-06-07 05:00:00+00:00,31270.0,34221.973,-2951.97265625,-1.4378857577405548
2020-06-07 09:00:00+00:00,40472.0,39302.69,1169.30859375,1.2651365991341423
2020-06-07 10:00:00+00:00,42731.0,40649.973,2081.02734375,1.8574883577253172
2020-06-08 04:00:00+00:00,37493.0,35214.695,2278.3046875,1.9646690537760245
2020-06-08 05:00:00+00:00,41517.0,38274.906,3242.09375,2.581439961314177
2020-06-08 06:00:00+00:00,44829.0,41722.355,3106.64453125,2.4789522923862797
2020-06-08 07:00:00+00:00,46885.0,44736.465,2148.53515625,1.8541312044141223
2020-06-08 08:00:00+00:00,47704.0,46782.465,921.53515625,1.0604883057476338
2020-06-08 10:00:00+00:00,50196.0,48977.566,1218.43359375,1.2498660749763315
2020-06-08 11:00:00+00:00,49028.0,47377.176,1650.82421875,1.525132422915562
2020-06-08 12:00:00+00:00,47820.0,45504.926,2315.07421875,1.9458309381002943
2020-06-08 13:00:00+00:00,46203.0,44555.93,1647.0703125,1.5110698976770909
2020-06-08 14:00:00+00:00,44579.0,43263.055,1315.9453125,1.2962838482120413
2020-06-08 15:00:00+00:00,43604.0,42702.37,901.62890625,1.0303850974456177
2020-06-08 16:00:00+00:00,44673.0,43327.457,1345.54296875,1.3134393255169126
2020-06-08 17:00:00+00:00,45657.0,44374.363,1282.63671875,1.2715613028106008
2020-06-08 21:00:00+00:00,44623.0,43757.258,865.7421875,1.0041331101407287
2020-06-09 06:00:00+00:00,46534.0,45456.1,1077.8984375,1.1428119698992005
2020-06-09 10:00:00+00:00,51632.0,50267.094,1364.90625,1.3154673752839159
2020-06-09 11:00:00+00:00,50452.0,48986.51,1465.48828125,1.3743743001816748
2020-06-09 12:00:00+00:00,49183.0,47464.258,1718.7421875,1.5281392679681158
2020-06-09 13:00:00+00:00,47489.0,46386.18,1102.8203125,1.1329004042500765
2020-06-09 14:00:00+00:00,45853.0,44867.547,985.453125,1.0558270178258715
2020-06-09 15:00:00+00:00,44956.0,43869.445,1086.5546875,1.1164706599536185
2020-06-09 16:00:00+00:00,46028.0,44868.6,1159.3984375,1.1585301190144002
2020-06-09 20:00:00+00:00,44760.0,43604.36,1155.640625,1.1433031912738942
2020-06-09 21:00:00+00:00,45597.0,44298.88,1298.12109375,1.228090949828075
2020-06-10 06:00:00+00:00,47093.0,45876.363,1216.63671875,1.1562749107949073
2020-06-10 07:00:00+00:00,49114.0,48090.477,1023.5234375,1.0297409078530104
2020-06-10 10:00:00+00:00,52486.0,51334.684,1151.31640625,1.1001986644253328
2020-06-10 12:00:00+00:00,49642.0,48536.203,1105.796875,1.0659765496509004
2020-06-12 06:00:00+00:00,46534.0,45165.766,1368.234375,1.1965669421934453
2020-06-12 07:00:00+00:00,48812.0,47269.418,1542.58203125,1.2987069400074673
2020-06-12 15:00:00+00:00,44564.0,43442.562,1121.4375,1.019927713166284
2020-06-13 02:00:00+00:00,32973.0,35526.152,-2553.15234375,-1.2285978032629232
2020-06-13 03:00:00+00:00,32858.0,36009.1,-3151.1015625,-1.5934130774973339
2020-06-13 04:00:00+00:00,33205.0,37213.188,-4008.1875,-2.1156029728060135
2020-06-13 05:00:00+00:00,34898.0,38689.543,-3791.54296875,-1.9823841658468468
2020-06-13 06:00:00+00:00,37710.0,40846.715,-3136.71484375,-1.5806239875614168
2020-06-13 07:00:00+00:00,40227.0,43609.953,-3382.953125,-1.7271177554588533
2020-06-13 08:00:00+00:00,41577.0,45191.055,-3614.0546875,-1.8587247485294618
2020-06-13 09:00:00+00:00,42705.0,46169.94,-3464.94140625,-1.756346855873874
2020-06-13 12:00:00+00:00,41902.0,44386.76,-2484.76171875,-1.149973881428086
2020-06-13 13:00:00+00:00,40232.0,42978.56,-2746.55859375,-1.3022868335823294
2020-06-13 14:00:00+00:00,38981.0,41498.715,-2517.71484375,-1.1591079331042682
2020-06-13 15:00:00+00:00,38758.0,41143.684,-2385.68359375,-1.0756167455557457
2020-06-13 16:00:00+00:00,39772.0,42155.457,-2383.45703125,-1.0703614571973623
2020-06-13 17:00:00+00:00,40213.0,43122.082,-2909.08203125,-1.3781659613874804
2020-06-13 18:00:00+00:00,38868.0,41536.72,-2668.71875,-1.227991424802166
2020-06-14 01:00:00+00:00,32550.0,35166.633,-2616.6328125,-1.1825505384628847
2020-06-14 02:00:00+00:00,31364.0,34044.055,-2680.0546875,-1.2189523466613923
2020-06-14 03:00:00+00:00,30650.0,33850.69,-3200.69140625,-1.5267469480925835
2020-06-14 04:00:00+00:00,30323.0,33835.766,-3512.765625,-1.709673790422849
2020-06-14 05:00:00+00:00,31216.0,34468.31,-3252.30859375,-1.554744147478592
2020-06-14 10:00:00+00:00,42933.0,41737.082,1195.91796875,1.0674803258267076
2020-06-15 04:00:00+00:00,36948.0,35451.633,1496.3671875,1.2217955098197348
2020-06-15 05:00:00+00:00,41389.0,38390.16,2998.83984375,2.112178611824141
2020-06-15 06:00:00+00:00,45033.0,41827.45,3205.55078125,2.235386347953011
2020-06-15 07:00:00+00:00,47225.0,44759.246,2465.75390625,1.7937998909325708
2020-06-15 08:00:00+00:00,48122.0,46733.445,1388.5546875,1.140192483555017
2020-06-15 10:00:00+00:00,50514.0,49138.55,1375.44921875,1.1379311833392802
2020-06-15 11:00:00+00:00,49337.0,48022.445,1314.5546875,1.0965725302367053
2020-06-15 12:00:00+00:00,48112.0,46308.996,1803.00390625,1.4097531417110902
2020-06-15 13:00:00+00:00,46684.0,45171.734,1512.265625,1.2222624918957452
2020-06-15 14:00:00+00:00,45663.0,43800.066,1862.93359375,1.4555211461555133
2020-06-16 12:00:00+00:00,49004.0,47818.793,1185.20703125,1.0708166785804134
2020-06-17 02:00:00+00:00,34765.0,36621.3,-1856.30078125,-1.1057703692548027
2020-06-17 05:00:00+00:00,38446.0,42857.86,-4411.859375,-3.0063118136385585
2020-06-18 05:00:00+00:00,42812.0,39853.258,2958.7421875,2.4838054208784497
2020-06-18 06:00:00+00:00,46098.0,44992.836,1105.1640625,1.0854381935888628
2020-06-18 07:00:00+00:00,48076.0,46864.855,1211.14453125,1.1621045833903676
2020-06-19 01:00:00+00:00,35240.0,37027.227,-1787.2265625,-1.0400705412992133
2020-06-19 02:00:00+00:00,34496.0,36546.035,-2050.03515625,-1.2318047892869397
2020-06-20 02:00:00+00:00,33227.0,34988.18,-1761.1796875,-1.018307898216964
2020-06-20 03:00:00+00:00,32811.0,35331.742,-2520.7421875,-1.5808899886244325
2020-06-20 04:00:00+00:00,33132.0,36729.68,-3597.6796875,-2.3811951371916664
2020-06-20 05:00:00+00:00,34768.0,37977.99,-3209.98828125,-2.09995046505079
2020-06-20 06:00:00+00:00,37430.0,39779.93,-2349.9296875,-1.4649597819012576
2020-06-20 07:00:00+00:00,40173.0,42087.297,-1914.296875,-1.145606085645365
2020-06-20 23:00:00+00:00,37132.0,39066.133,-1934.1328125,-1.2041608843566294
2020-06-21 00:00:00+00:00,35062.0,37369.74,-2307.73828125,-1.4852666383770288
2020-06-21 01:00:00+00:00,32469.0,35479.027,-3010.02734375,-2.011826594006084
2020-06-21 02:00:00+00:00,31340.5,34335.195,-2994.6953125,-1.9956263179069318
2020-06-21 03:00:00+00:00,30212.0,34006.5,-3794.5,-2.5946081589704653
2020-06-21 04:00:00+00:00,29912.0,33897.09,-3985.08984375,-2.7252510811830724
2020-06-21 05:00:00+00:00,30863.0,34660.395,-3797.39453125,-2.571888682255856
2020-06-21 06:00:00+00:00,33204.0,35778.38,-2574.37890625,-1.6503788149696257
2020-06-21 07:00:00+00:00,36181.0,37941.965,-1760.96484375,-1.0410236645483026
2020-06-22 01:00:00+00:00,32914.0,34932.49,-2018.48828125,-1.2045490237868766
2020-06-22 02:00:00+00:00,32389.0,34198.098,-1809.09765625,-1.0472049931779481
2020-06-22 04:00:00+00:00,37370.0,35204.01,2165.98828125,1.8992876246312107
2020-06-22 05:00:00+00:00,41969.0,38149.625,3819.375,3.1252936766817667
2020-06-22 06:00:00+00:00,45543.0,41679.723,3863.27734375,3.1449142229754643
2020-06-22 07:00:00+00:00,47622.0,44564.668,3057.33203125,2.536351185824422
2020-06-22 08:00:00+00:00,48479.0,46358.312,2120.6875,1.8382900662131705
2020-06-22 09:00:00+00:00,49590.0,47831.793,1758.20703125,1.564860122625293
2020-06-22 10:00:00+00:00,51101.0,48650.21,2450.7890625,2.0601936226992135
2020-06-22 11:00:00+00:00,50326.0,47704.062,2621.9375,2.1725559102438003
2020-06-22 12:00:00+00:00,49426.0,46126.59,3299.41015625,2.6504602825819346
2020-06-22 13:00:00+00:00,48231.0,45019.234,3211.765625,2.5727560336100472
2020-06-22 14:00:00+00:00,46926.0,43705.273,3220.7265625,2.558723652103884
2020-06-22 15:00:00+00:00,46014.0,43276.082,2737.91796875,2.194151746685203
2020-06-22 16:00:00+00:00,46823.0,44456.86,2366.140625,1.9160294908040167
2020-06-22 17:00:00+00:00,47652.0,45309.133,2342.8671875,1.8912625333900686
2020-06-22 18:00:00+00:00,47652.0,43520.48,4131.51953125,3.131603021092146
2020-06-22 19:00:00+00:00,45210.0,41880.637,3329.36328125,2.5291049548415816
2020-06-22 20:00:00+00:00,44647.0,42970.707,1676.29296875,1.3719703687621272
2020-06-22 21:00:00+00:00,46267.0,43811.406,2455.59375,1.8983014566578822
2020-06-23 12:00:00+00:00,50539.0,49331.215,1207.78515625,1.0468510498660535
2020-06-23 18:00:00+00:00,45261.0,48424.68,-3163.6796875,-1.9279066416056156
2020-06-23 19:00:00+00:00,43101.0,46445.05,-3344.05078125,-2.0337177842579193
2020-06-24 01:00:00+00:00,35511.0,37797.105,-2286.10546875,-1.288758199290377
2020-06-24 02:00:00+00:00,34771.0,37427.785,-2656.78515625,-1.5338249760733549
2020-06-24 03:00:00+00:00,35824.0,38306.074,-2482.07421875,-1.4073594575188886
2020-06-24 04:00:00+00:00,38367.0,40533.258,-2166.2578125,-1.1866627956996927
2020-06-24 10:00:00+00:00,53612.0,51932.855,1679.14453125,1.4097891616340708
2020-06-24 11:00:00+00:00,52845.0,51286.797,1558.203125,1.3255508055823322
2020-06-24 12:00:00+00:00,52251.0,50187.176,2063.82421875,1.6614667626447013
2020-06-24 13:00:00+00:00,50999.0,49250.668,1748.33203125,1.4439877678953854
2020-06-24 14:00:00+00:00,49613.0,48371.906,1241.09375,1.099331935234777
2020-06-24 20:00:00+00:00,46773.0,44230.074,2542.92578125,1.9466100536986422
2020-06-24 21:00:00+00:00,47862.0,44993.926,2868.07421875,2.146071337775169
2020-06-24 22:00:00+00:00,43721.0,41853.832,1867.16796875,1.4719178659290595
2020-06-24 23:00:00+00:00,40746.0,39545.836,1200.1640625,1.0274072693970349
2020-06-25 06:00:00+00:00,47241.0,45389.758,1851.2421875,1.4428799009678324
2020-06-25 07:00:00+00:00,49730.0,48391.367,1338.6328125,1.102884892524249
2020-06-25 10:00:00+00:00,54124.0,52677.535,1446.46484375,1.1588467851185542
2020-06-25 11:00:00+00:00,53572.0,52318.902,1253.09765625,1.0287011038014728
2020-06-25 12:00:00+00:00,53200.0,51362.137,1837.86328125,1.4036343935567326
2020-06-25 13:00:00+00:00,52000.0,50577.56,1422.44140625,1.1307395042193467
2020-06-25 20:00:00+00:00,46684.0,45104.26,1579.73828125,1.2240086154584828
2020-06-26 14:00:00+00:00,47838.0,50048.496,-2210.49609375,-1.214516959420957
2020-06-26 15:00:00+00:00,47272.0,49359.12,-2087.12109375,-1.1277559484155077
2020-06-27 01:00:00+00:00,34403.0,37026.23,-2623.23046875,-1.4682341099668001
2020-06-27 02:00:00+00:00,33091.0,36253.797,-3162.796875,-1.8118115187920407
2020-06-27 03:00:00+00:00,32914.0,36456.89,-3542.890625,-2.0507592885572508
2020-06-27 04:00:00+00:00,33227.0,37511.145,-4284.14453125,-2.5212785287855186
2020-06-27 05:00:00+00:00,34751.0,38406.492,-3655.4921875,-2.1158779891770974
2020-06-27 06:00:00+00:00,37442.0,40173.453,-2731.453125,-1.5266017477745522
2020-06-27 07:00:00+00:00,40164.0,42766.066,-2602.06640625,-1.446507445206852
2020-06-27 08:00:00+00:00,41687.0,44833.414,-3146.4140625,-1.800982879825692
2020-06-27 09:00:00+00:00,43044.0,46217.527,-3173.52734375,-1.822454305549832
2020-06-27 10:00:00+00:00,45110.0,47737.355,-2627.35546875,-1.4734858747012312
2020-06-27 11:00:00+00:00,43901.0,47146.9,-3245.8984375,-1.8665921780967158
2020-06-27 12:00:00+00:00,42504.0,45914.875,-3410.875,-1.962686346423681
2020-06-27 13:00:00+00:00,41214.0,44649.875,-3435.875,-1.9711394164356026
2020-06-27 14:00:00+00:00,40324.0,43534.207,-3210.20703125,-1.82166137707345
2020-06-27 15:00:00+00:00,40217.0,43350.582,-3133.58203125,-1.767857526008085
2020-06-27 16:00:00+00:00,41071.0,44508.08,-3437.078125,-1.9550337808549947
2020-06-27 17:00:00+00:00,41285.0,45102.652,-3817.65234375,-2.1872749221915497
2020-06-27 18:00:00+00:00,39500.0,43306.484,-3806.484375,-2.1714729412615617
2020-06-27 19:00:00+00:00,38638.0,41869.82,-3231.8203125,-1.8004317452932483
2020-06-27 22:00:00+00:00,39607.0,41681.08,-2074.078125,-1.0645862999329034
2020-06-27 23:00:00+00:00,36986.0,39244.86,-2258.859375,-1.1770144072149693
2020-06-28 00:00:00+00:00,35027.0,37486.426,-2459.42578125,-1.300274688459487
2020-06-28 01:00:00+00:00,32555.0,35888.094,-3333.09375,-1.8420207436871665
2020-06-28 02:00:00+00:00,31322.0,34971.11,-3649.109375,-2.0331867495959797
2020-06-28 03:00:00+00:00,30791.0,34713.01,-3922.01171875,-2.1942332875462545
2020-06-28 04:00:00+00:00,30530.0,34557.37,-4027.37109375,-2.2522977187457243
2020-06-28 05:00:00+00:00,31591.0,35034.17,-3443.171875,-1.8865408359516131
2020-06-28 06:00:00+00:00,33487.0,35989.957,-2502.95703125,-1.3053831009036323
2020-06-28 10:00:00+00:00,43111.0,41571.348,1539.65234375,1.1882252045906556
2020-06-28 20:00:00+00:00,42050.0,40544.234,1505.765625,1.1560271079122133
2020-06-28 21:00:00+00:00,43284.0,41871.793,1412.20703125,1.0951341065076257
2020-06-29 04:00:00+00:00,37690.0,35478.797,2211.203125,1.577601898714007
2020-06-29 05:00:00+00:00,42018.0,38602.47,3415.53125,2.3130009914491625
2020-06-29 06:00:00+00:00,45570.0,41874.676,3695.32421875,2.479919955698094
2020-06-29 07:00:00+00:00,47835.0,44992.152,2842.84765625,1.9523849313283457
2020-06-29 08:00:00+00:00,48642.0,47061.02,1580.98046875,1.178273588677398
2020-06-29 09:00:00+00:00,49676.0,48256.047,1419.953125,1.0791175761864231
2020-06-29 10:00:00+00:00,50835.0,49005.617,1829.3828125,1.3265708036702664
2020-06-29 11:00:00+00:00,49979.0,48042.82,1936.1796875,1.3895429371198618
2020-06-29 12:00:00+00:00,49339.0,46640.844,2698.15625,1.8503359171719655
2020-06-29 13:00:00+00:00,48262.0,45810.22,2451.78125,1.6944246281650794
2020-06-29 14:00:00+00:00,46865.0,44673.516,2191.484375,1.5310387074148109
2020-06-29 15:00:00+00:00,46118.0,44614.85,1503.1484375,1.1125950449135087
2020-06-30 07:00:00+00:00,46659.0,48696.953,-2037.953125,-1.0212482538503882
2020-06-30 08:00:00+00:00,47299.0,49777.082,-2478.08203125,-1.2811982710548016
2020-06-30 09:00:00+00:00,48139.0,50215.617,-2076.6171875,-1.0327292906006316
2020-06-30 21:00:00+00:00,47066.0,45449.695,1616.3046875,1.2013483810141001
2020-07-01 06:00:00+00:00,47097.0,45324.062,1772.9375,1.2896320212700856
2020-07-01 07:00:00+00:00,49418.0,47134.54,2283.4609375,1.5909605240712246
2020-07-01 08:00:00+00:00,50567.0,47904.96,2662.0390625,1.8076690814820022
2020-07-01 09:00:00+00:00,52083.0,48177.844,3905.15625,2.536073413502516
2020-07-01 10:00:00+00:00,53371.0,48695.215,4675.78515625,2.9619608213396567
2020-07-01 11:00:00+00:00,52218.0,47605.97,4612.03125,2.881058557733277
2020-07-01 12:00:00+00:00,51408.0,46451.035,4956.96484375,3.038914785295585
2020-07-01 13:00:00+00:00,50184.0,45744.27,4439.73046875,2.6976201561907525
2020-07-01 14:00:00+00:00,48919.0,44957.617,3961.3828125,2.3918749311570218
2020-07-01 15:00:00+00:00,47801.0,45571.23,2229.76953125,1.396449890083499
2020-07-01 17:00:00+00:00,50400.0,47825.516,2574.484375,1.5786743196144897
2020-07-01 18:00:00+00:00,51656.0,46480.92,5175.078125,3.0135692650802093
2020-07-02 02:00:00+00:00,35859.0,38030.992,-2171.9921875,-1.0486530004535348
2020-07-02 18:00:00+00:00,45483.0,50885.277,-5402.27734375,-2.8078305241155603
2020-07-04 02:00:00+00:00,33312.0,35688.918,-2376.91796875,-1.1444792883565882
2020-07-04 03:00:00+00:00,33075.0,36234.83,-3159.828125,-1.565579323354182
2020-07-04 04:00:00+00:00,33407.0,37417.945,-4010.9453125,-2.021726243375334
2020-07-04 05:00:00+00:00,34969.0,38585.742,-3616.7421875,-1.8059937434148192
2020-07-04 06:00:00+00:00,37581.0,40520.27,-2939.26953125,-1.4385312282601546
2020-07-04 07:00:00+00:00,40229.0,43104.17,-2875.171875,-1.4013781207119005
2020-07-04 08:00:00+00:00,41951.0,44829.152,-2878.15234375,-1.3989874225412753
2020-07-04 09:00:00+00:00,43097.0,45879.496,-2782.49609375,-1.342536759665945
2020-07-05 01:00:00+00:00,33404.0,35659.75,-2255.75,-1.0399424694805164
2020-07-05 02:00:00+00:00,32105.0,34587.426,-2482.42578125,-1.1635755114554998
2020-07-05 03:00:00+00:00,31629.0,34293.312,-2664.3125,-1.2627271728693403
2020-07-05 04:00:00+00:00,31192.0,34185.594,-2993.59375,-1.4443847200008966
2020-07-05 05:00:00+00:00,32153.0,34730.992,-2577.9921875,-1.226777654096989
2020-07-05 20:00:00+00:00,43119.0,41323.543,1795.45703125,1.090478066819438
2020-07-06 04:00:00+00:00,37980.0,36008.152,1971.84765625,1.1739127133547362
2020-07-06 05:00:00+00:00,42174.0,38945.195,3228.8046875,1.852328043271061
2020-07-06 06:00:00+00:00,45795.0,42271.812,3523.1875,2.0158313260028997
2020-07-06 07:00:00+00:00,48186.0,45213.72,2972.28125,1.7207878983116671
2020-07-06 08:00:00+00:00,49509.0,47214.043,2294.95703125,1.3549661801311668
2020-07-06 09:00:00+00:00,50493.0,48563.97,1929.03125,1.1563295979426487
2020-07-06 10:00:00+00:00,52063.0,49373.457,2689.54296875,1.5667921135912475
2020-07-06 11:00:00+00:00,51152.0,48640.625,2511.375,1.4692529660761433
2020-07-06 12:00:00+00:00,50426.0,47515.914,2910.0859375,1.6852764839399517
2020-07-06 13:00:00+00:00,48993.0,46919.312,2073.6875,1.235318551105834
2020-07-07 16:00:00+00:00,49768.0,48020.75,1747.25,1.124558358192894
2020-07-08 17:00:00+00:00,49981.0,61240.195,-11259.1953125,-1.8289947549737462
2020-07-14 05:00:00+00:00,34455.0,40729.723,-6274.72265625,-1.0083037105607073
2020-07-14 06:00:00+00:00,36844.0,43208.184,-6364.18359375,-1.0183941972702106
2020-07-22 20:00:00+00:00,47479.0,45690.83,1788.171875,1.076731462236099
2020-07-23 10:00:00+00:00,54395.0,52693.953,1701.046875,1.0501473585917542
2020-07-23 12:00:00+00:00,53377.0,51590.098,1786.90234375,1.0987871554877144
2020-07-23 19:00:00+00:00,46105.0,44468.59,1636.41015625,1.0335066709228231
2020-07-23 20:00:00+00:00,47667.0,45805.906,1861.09375,1.1495130892298964
2020-07-23 21:00:00+00:00,47688.0,46038.438,1649.5625,1.0382592640145747
2020-07-25 03:00:00+00:00,34564.0,36911.594,-2347.59375,-1.062846042894706
2020-07-25 04:00:00+00:00,34756.0,37879.16,-3123.16015625,-1.4704869243183654
2020-07-25 05:00:00+00:00,36045.0,38302.344,-2257.34375,-1.0199439630549398
2020-07-25 09:00:00+00:00,44412.0,46785.355,-2373.35546875,-1.0844001044019271
2020-07-25 11:00:00+00:00,45364.0,47583.125,-2219.125,-1.0065989965899493
2020-07-25 12:00:00+00:00,44114.0,46465.85,-2351.8515625,-1.0787631127830037
2020-07-25 13:00:00+00:00,42926.0,45246.945,-2320.9453125,-1.0664443374229706
2020-07-25 17:00:00+00:00,42935.0,45401.727,-2466.7265625,-1.1587538594340754
2020-07-25 18:00:00+00:00,41311.0,44180.285,-2869.28515625,-1.3735535471836184
2020-07-25 19:00:00+00:00,41095.0,43326.19,-2231.19140625,-1.0336943759651194
2020-07-25 22:00:00+00:00,40449.0,42689.44,-2240.44140625,-1.039453285227338
2020-07-25 23:00:00+00:00,37806.0,40154.47,-2348.46875,-1.0966102853609851
2020-07-26 00:00:00+00:00,36016.0,38481.85,-2465.8515625,-1.159058301161585
2020-07-26 01:00:00+00:00,33627.0,36876.555,-3249.5546875,-1.5755747122805286
2020-07-26 02:00:00+00:00,32584.0,35946.234,-3362.234375,-1.6341873959237927
2020-07-26 03:00:00+00:00,32341.0,35684.977,-3343.9765625,-1.6237984612857126
2020-07-26 04:00:00+00:00,31750.0,35367.73,-3617.73046875,-1.7695888981059704
2020-07-26 05:00:00+00:00,32589.0,35809.043,-3220.04296875,-1.5583409350733115
2020-07-27 05:00:00+00:00,41148.0,39346.703,1801.296875,1.1035978301196527
2020-07-27 06:00:00+00:00,44966.0,42503.31,2462.69140625,1.447948133285598
2020-07-27 07:00:00+00:00,47760.0,45465.688,2294.3125,1.3498888982655053
2020-07-27 08:00:00+00:00,49267.0,47271.48,1995.51953125,1.1846535498524415
2020-07-27 09:00:00+00:00,50604.0,48494.156,2109.84375,1.2378702467263014
2020-07-27 10:00:00+00:00,52214.0,49165.555,3048.4453125,1.7222909488748985
2020-07-27 11:00:00+00:00,51816.0,48445.785,3370.21484375,1.87874994909256
2020-07-27 12:00:00+00:00,51667.0,47267.2,4399.80078125,2.399497829636845
2020-07-27 13:00:00+00:00,50775.0,46662.81,4112.19140625,2.2282443882035365
2020-07-27 14:00:00+00:00,49573.0,45799.297,3773.703125,2.0341441413406587
2020-07-27 15:00:00+00:00,48764.0,45842.566,2921.43359375,1.583619108315762
2020-07-27 16:00:00+00:00,49007.0,47103.707,1903.29296875,1.0578052528620903
2020-07-29 02:00:00+00:00,36383.0,38237.668,-1854.66796875,-1.2104430340432983
2020-07-29 05:00:00+00:00,45360.0,42805.438,2554.5625,1.5105793182282867
2020-07-29 10:00:00+00:00,53535.0,51811.28,1723.71875,1.0382684993358067
2020-07-29 11:00:00+00:00,52816.0,50834.766,1981.234375,1.209774113118685
2020-07-29 12:00:00+00:00,52379.0,49976.824,2402.17578125,1.4874260634423715
2020-07-29 13:00:00+00:00,51250.0,49344.86,1905.140625,1.1849302819439465
2020-07-29 20:00:00+00:00,47750.0,46123.598,1626.40234375,1.0545510427983034
2020-07-30 11:00:00+00:00,54024.0,52386.516,1637.484375,1.0562934721349395
2020-07-30 12:00:00+00:00,53747.0,51530.043,2216.95703125,1.4315074946551838
2020-07-30 13:00:00+00:00,52675.0,50785.6,1889.3984375,1.21169209271103
2020-07-30 18:00:00+00:00,48447.0,46468.55,1978.44921875,1.2516395793803066
2020-07-30 19:00:00+00:00,47222.0,44772.51,2449.48828125,1.550828033691019
2020-07-30 20:00:00+00:00,48387.0,46119.996,2267.00390625,1.424640481183401
2020-07-30 21:00:00+00:00,47985.0,45991.227,1993.7734375,1.243381349011343
2020-08-01 01:00:00+00:00,35878.0,37627.59,-1749.58984375,-1.149129566903104
2020-08-01 02:00:00+00:00,34766.0,36842.645,-2076.64453125,-1.3600593647240957
2020-08-01 03:00:00+00:00,34879.0,37262.32,-2383.3203125,-1.558038789303076
2020-08-01 04:00:00+00:00,35031.0,38265.07,-3234.0703125,-2.1104907364857968
2020-08-01 05:00:00+00:00,36102.0,38531.88,-2429.87890625,-1.5918982842348885
2020-08-01 06:00:00+00:00,38452.0,40506.84,-2054.83984375,-1.351094545081541
2020-08-01 07:00:00+00:00,41353.0,43427.844,-2074.84375,-1.365759860136277
2020-08-01 08:00:00+00:00,43223.0,45618.332,-2395.33203125,-1.5743708542095416
2020-08-01 09:00:00+00:00,44901.0,47472.535,-2571.53515625,-1.689132297564136
2020-08-01 10:00:00+00:00,47005.0,49124.703,-2119.703125,-1.3957984207424614
2020-08-01 11:00:00+00:00,45967.0,49112.242,-3145.2421875,-2.058421129065545
2020-08-01 12:00:00+00:00,44950.0,48207.3,-3257.30078125,-2.1196843596590984
2020-08-01 13:00:00+00:00,43964.0,47210.695,-3246.6953125,-2.100726387287177
2020-08-01 14:00:00+00:00,43126.0,46273.562,-3147.5625,-2.0244413812763744
2020-08-01 15:00:00+00:00,43101.0,46153.934,-3052.93359375,-1.9524245774633608
2020-08-01 16:00:00+00:00,43445.0,47094.08,-3649.078125,-2.319444707007177
2020-08-01 17:00:00+00:00,43162.0,47525.18,-4363.1796875,-2.7483009404861116
2020-08-01 18:00:00+00:00,41483.0,45716.547,-4233.546875,-2.63701907795225
2020-08-01 19:00:00+00:00,41270.0,44731.547,-3461.546875,-2.1329570055616016
2020-08-01 20:00:00+00:00,43230.0,45596.79,-2366.7890625,-1.4448895125715555
2020-08-01 21:00:00+00:00,43378.0,45723.96,-2345.9609375,-1.4240195448518485
2020-08-01 22:00:00+00:00,39776.0,42759.38,-2983.37890625,-1.8060447669626012
2020-08-01 23:00:00+00:00,37164.0,40143.594,-2979.59375,-1.795501995111861
2020-08-02 00:00:00+00:00,35703.0,38447.133,-2744.1328125,-1.6463723919613267
2020-08-02 01:00:00+00:00,33505.0,37041.207,-3536.20703125,-2.123515348863101
2020-08-02 02:00:00+00:00,32386.0,36225.5,-3839.5,-2.300595050316772
2020-08-02 03:00:00+00:00,32171.0,36045.938,-3874.9375,-2.3144703676676466
2020-08-02 04:00:00+00:00,31737.0,35814.824,-4077.82421875,-2.430529101644379
2020-08-02 05:00:00+00:00,32211.0,36147.793,-3936.79296875,-2.3392863598205973
2020-08-02 06:00:00+00:00,34238.0,36835.89,-2597.890625,-1.528336144537247
2020-08-02 07:00:00+00:00,36724.0,39278.863,-2554.86328125,-1.4984721214007104
2020-08-02 08:00:00+00:00,38807.0,40842.895,-2035.89453125,-1.1827272460912033
2020-08-02 15:00:00+00:00,37971.0,39755.957,-1784.95703125,-1.0062639663830026
2020-08-02 16:00:00+00:00,39067.0,41008.82,-1941.8203125,-1.094185852094066
2020-08-02 22:00:00+00:00,38349.0,40490.926,-2141.92578125,-1.1937475422595631
2020-08-02 23:00:00+00:00,35923.0,38209.258,-2286.2578125,-1.275385766543835
2020-08-03 00:00:00+00:00,34469.0,36904.875,-2435.875,-1.360843491667951
2020-08-03 01:00:00+00:00,32694.0,35363.504,-2669.50390625,-1.4953307145372488
2020-08-03 02:00:00+00:00,32334.0,34647.96,-2313.9609375,-1.2835123684415632
2020-08-03 16:00:00+00:00,43789.0,45840.18,-2051.1796875,-1.1133706215370986
2020-08-03 17:00:00+00:00,44114.0,46082.04,-1968.0390625,-1.0549934268802839
2020-08-03 18:00:00+00:00,42426.0,44412.902,-1986.90234375,-1.06049483860704
2020-08-03 23:00:00+00:00,36935.0,38912.758,-1977.7578125,-1.0367850025522336
2020-08-04 00:00:00+00:00,35508.0,37661.18,-2153.1796875,-1.1409383523993375
2020-08-04 01:00:00+00:00,33506.0,36452.344,-2946.34375,-1.6268004522221882
2020-08-04 02:00:00+00:00,32945.0,35913.68,-2968.6796875,-1.6303549976164504
2020-08-04 03:00:00+00:00,34315.0,36577.277,-2262.27734375,-1.1852880648948025
2020-08-04 04:00:00+00:00,36247.0,38631.504,-2384.50390625,-1.2541154955445606
2020-08-04 05:00:00+00:00,38719.0,40774.734,-2055.734375,-1.045940799397371
2020-08-05 02:00:00+00:00,33289.0,35575.777,-2286.77734375,-1.1556020618629506
2020-08-05 04:00:00+00:00,36183.0,38264.797,-2081.796875,-1.0248391821278484
2020-08-06 01:00:00+00:00,34095.0,36337.348,-2242.34765625,-1.099177160255277
2020-08-06 02:00:00+00:00,33438.0,35828.594,-2390.59375,-1.1863797506001272
2020-08-06 09:00:00+00:00,48375.0,46827.61,1547.390625,1.2831854180966595
2020-08-06 10:00:00+00:00,49968.0,47997.477,1970.5234375,1.5469479081329356
2020-08-06 11:00:00+00:00,49376.0,47594.9,1781.1015625,1.427413475553815
2020-08-06 12:00:00+00:00,48796.0,46539.906,2256.09375,1.7218468142758656
2020-08-06 13:00:00+00:00,47933.0,45677.37,2255.62890625,1.7183385797364632
2020-08-06 14:00:00+00:00,46946.0,44902.42,2043.578125,1.5801049110680214
2020-08-06 15:00:00+00:00,46575.0,44423.86,2151.140625,1.6397960046423774
2020-08-06 16:00:00+00:00,47239.0,45187.56,2051.44140625,1.571003807708217
2020-08-06 17:00:00+00:00,47169.0,45782.047,1386.953125,1.1559012341741322
2020-08-07 01:00:00+00:00,34318.0,36686.33,-2368.328125,-1.1432694344931111
2020-08-07 02:00:00+00:00,33736.0,36235.973,-2499.97265625,-1.2188669817090858
2020-08-07 09:00:00+00:00,49168.0,48089.81,1078.19140625,1.0048812007623495
2020-08-07 10:00:00+00:00,50621.0,49273.676,1347.32421875,1.167307747427511
2020-08-07 11:00:00+00:00,50120.0,48994.867,1125.1328125,1.0265072801386161
2020-08-07 12:00:00+00:00,49636.0,47809.305,1826.6953125,1.4526362515810962
2020-08-07 13:00:00+00:00,48642.0,46850.715,1791.28515625,1.422734673684546
2020-08-07 14:00:00+00:00,47728.0,46099.137,1628.86328125,1.3148393258979374
2020-08-07 15:00:00+00:00,47343.0,45726.11,1616.890625,1.299254985785795
2020-08-07 16:00:00+00:00,47872.0,46586.93,1285.0703125,1.0894753084189852
2020-08-07 20:00:00+00:00,46033.0,44857.496,1175.50390625,1.0116070113165863
2020-08-08 04:00:00+00:00,33907.0,36491.664,-2584.6640625,-1.281400476140208
2020-08-08 10:00:00+00:00,46287.0,44945.203,1341.796875,1.1024151487804799
2020-08-08 23:00:00+00:00,37569.0,39581.598,-2012.59765625,-1.011294441989569
2020-08-09 00:00:00+00:00,35760.0,37843.297,-2083.296875,-1.0565345775625616
2020-08-09 01:00:00+00:00,33667.0,37003.176,-3336.17578125,-1.8370558346749382
2020-08-09 02:00:00+00:00,32495.0,36104.39,-3609.390625,-2.0061754214607683
2020-08-09 03:00:00+00:00,32317.0,35267.93,-2950.9296875,-1.5950556324232323
2020-08-09 04:00:00+00:00,32218.0,34526.332,-2308.33203125,-1.1982328720706041
2020-08-09 05:00:00+00:00,32706.0,34879.625,-2173.625,-1.1212731914086713
2020-08-09 22:00:00+00:00,39866.0,41865.125,-1999.125,-1.0238122759505401
2020-08-10 00:00:00+00:00,35779.0,37775.344,-1996.34375,-1.0158284668758326
2020-08-10 01:00:00+00:00,33881.0,36134.168,-2253.16796875,-1.1737754681646961
2020-08-10 12:00:00+00:00,49854.0,48575.633,1278.3671875,1.1071166090713382
2020-08-10 22:00:00+00:00,41571.0,43613.46,-2042.4609375,-1.0405842737334505
2020-08-11 01:00:00+00:00,35426.0,37700.96,-2274.9609375,-1.1878006015519285
2020-08-11 02:00:00+00:00,34819.0,37118.31,-2299.30859375,-1.1999324187060176
2020-08-11 09:00:00+00:00,49667.0,48658.496,1008.50390625,1.0462098809667446
2020-08-11 10:00:00+00:00,51588.0,50107.69,1480.30859375,1.3631104615749394
2020-08-11 12:00:00+00:00,50567.0,49199.945,1367.0546875,1.2779422575350639
2020-08-11 13:00:00+00:00,49551.0,48562.562,988.4375,1.0181118418701403
2020-08-12 01:00:00+00:00,35100.0,37534.332,-2434.33203125,-1.2739197193276488
2020-08-12 02:00:00+00:00,34473.0,37113.38,-2640.37890625,-1.4070468272273806
2020-08-12 03:00:00+00:00,35476.0,37797.887,-2321.88671875,-1.1909987482412192
2020-08-12 04:00:00+00:00,37232.0,39462.09,-2230.08984375,-1.1261384161124337
2020-08-12 22:00:00+00:00,39244.0,42319.727,-3075.7265625,-1.6672949144929101
2020-08-12 23:00:00+00:00,36834.0,39713.926,-2879.92578125,-1.5197907322507294
2020-08-13 00:00:00+00:00,36001.0,38269.87,-2268.87109375,-1.0892672307276927
2020-08-13 01:00:00+00:00,34087.0,37210.535,-3123.53515625,-1.6695967606468265
2020-08-13 02:00:00+00:00,33730.0,36818.934,-3088.93359375,-1.635393542553604
2020-08-13 03:00:00+00:00,34702.0,37386.76,-2684.76171875,-1.3509100804728376
2020-08-13 04:00:00+00:00,36694.0,39009.56,-2315.55859375,-1.0928780642727078
2020-08-14 01:00:00+00:00,33826.0,36294.73,-2468.73046875,-1.166666603175307
2020-08-14 02:00:00+00:00,33262.0,35825.344,-2563.34375,-1.2288724159524715
2020-08-14 12:00:00+00:00,46114.0,45382.27,731.73046875,1.2078030914461608
2020-08-14 13:00:00+00:00,45066.0,44498.91,567.08984375,1.088460581394631
2020-08-14 15:00:00+00:00,43632.0,42912.215,719.78515625,1.1982913722815312
2020-08-14 16:00:00+00:00,44083.0,43328.742,754.2578125,1.2189831770006925
2020-08-14 17:00:00+00:00,44053.0,43555.547,497.453125,1.0255082832472604
2020-08-14 18:00:00+00:00,42717.0,41990.51,726.48828125,1.188496767827348
2020-08-14 19:00:00+00:00,42780.0,41904.523,875.4765625,1.2935142257473011
2020-08-14 20:00:00+00:00,43697.0,42966.12,730.87890625,1.1872944285613323
2020-08-14 21:00:00+00:00,43615.0,42937.2,677.80078125,1.1520136236044942
2020-08-15 04:00:00+00:00,32554.0,35279.4,-2725.3984375,-1.3357146672778903
2020-08-15 05:00:00+00:00,32950.0,35517.96,-2567.9609375,-1.2234962171071402
2020-08-15 10:00:00+00:00,43614.0,42487.418,1126.58203125,1.4843085870129231
2020-08-15 14:00:00+00:00,39891.0,39294.66,596.33984375,1.0714592454109928
2020-08-15 15:00:00+00:00,39960.0,39205.027,754.97265625,1.1842780477059034
2020-08-15 16:00:00+00:00,40683.0,40127.156,555.84375,1.0294932293483146
2020-08-16 02:00:00+00:00,31059.0,33089.625,-2030.625,-1.00986235802519
2020-08-16 04:00:00+00:00,30849.0,32931.418,-2082.41796875,-1.0752255014778276
2020-08-16 05:00:00+00:00,30944.0,32987.78,-2043.78125,-1.058592194036195
2020-08-16 09:00:00+00:00,39362.0,38596.426,765.57421875,1.1997520333217881
2020-08-16 10:00:00+00:00,41670.0,40202.508,1467.4921875,1.7649174011543414
2020-08-17 00:00:00+00:00,33593.0,35500.656,-1907.65625,-1.0314675387468866
2020-08-17 01:00:00+00:00,31689.0,34151.613,-2462.61328125,-1.4880722726140923
2020-08-17 02:00:00+00:00,31279.0,33492.184,-2213.18359375,-1.285691014077608
2020-08-18 09:00:00+00:00,47086.0,46357.35,728.6484375,1.1117404024653392
2020-08-18 10:00:00+00:00,48681.0,47374.97,1306.03125,1.5929113237999226
2020-08-18 11:00:00+00:00,47566.0,46769.363,796.63671875,1.1559882431669581
2020-08-18 12:00:00+00:00,46708.0,45530.918,1177.08203125,1.4689624177183387
2020-08-18 13:00:00+00:00,45330.0,44654.055,675.9453125,1.0438641492695018
2020-08-18 14:00:00+00:00,44321.0,43553.4,767.6015625,1.1167894861825538
2020-08-18 15:00:00+00:00,43994.0,43281.85,712.1484375,1.0660340099091645
2020-08-18 19:00:00+00:00,44246.0,43412.387,833.61328125,1.1554620036880583
2020-08-18 20:00:00+00:00,44660.0,43948.54,711.4609375,1.0490996167798419
2020-08-18 21:00:00+00:00,44825.0,44013.42,811.578125,1.1300543379311698
2020-08-19 02:00:00+00:00,33919.0,35720.543,-1801.54296875,-1.0353664275069956
2020-08-19 09:00:00+00:00,48074.0,47124.758,949.2421875,1.2319833742090778
2020-08-19 10:00:00+00:00,49481.0,48250.258,1230.7421875,1.4590451620659102
2020-08-19 11:00:00+00:00,48494.0,47619.965,874.03515625,1.1575376652021008
2020-08-19 12:00:00+00:00,47759.0,46389.992,1369.0078125,1.5613232204473426
2020-08-19 13:00:00+00:00,46730.0,45391.19,1338.80859375,1.5300392379952152
2020-08-19 14:00:00+00:00,45564.0,44490.426,1073.57421875,1.3062989219983165
2020-08-19 15:00:00+00:00,45063.0,44032.266,1030.734375,1.2674115251823503
2020-08-19 16:00:00+00:00,46056.0,44947.973,1108.02734375,1.3284516057104692
2020-08-19 22:00:00+00:00,40746.0,42985.883,-2239.8828125,-1.409497855918608
2020-08-19 23:00:00+00:00,38394.0,40623.547,-2229.546875,-1.393482657493155
2020-08-20 01:00:00+00:00,34909.0,37181.105,-2272.10546875,-1.421010126492001
2020-08-20 02:00:00+00:00,34307.0,36646.137,-2339.13671875,-1.475444691953302
2020-08-20 09:00:00+00:00,48706.0,47732.434,973.56640625,1.2269831426434659
2020-08-20 10:00:00+00:00,50352.0,48840.285,1511.71484375,1.67149169236812
2020-08-20 11:00:00+00:00,49529.0,48125.516,1403.484375,1.5873018396178304
2020-08-20 12:00:00+00:00,48826.0,46878.79,1947.2109375,2.0375954915140886
2020-08-20 13:00:00+00:00,47720.0,46031.723,1688.27734375,1.8285623085660503
2020-08-20 14:00:00+00:00,46899.0,45048.605,1850.39453125,1.9690454262849564
2020-08-20 15:00:00+00:00,46626.0,44462.93,2163.0703125,2.2297966500515876
2020-08-20 16:00:00+00:00,47684.0,45748.707,1935.29296875,2.041425665227859
2020-08-20 17:00:00+00:00,47890.0,46684.453,1205.546875,1.4396337145224827
2020-08-20 19:00:00+00:00,45578.0,44829.57,748.4296875,1.0642318795204433
2020-08-21 01:00:00+00:00,35173.0,37014.66,-1841.66015625,-1.0841628973709747
2020-08-21 02:00:00+00:00,34049.0,36439.066,-2390.06640625,-1.5426192300939963
2020-08-21 10:00:00+00:00,50431.0,49399.855,1031.14453125,1.3063098482698643
2020-08-21 11:00:00+00:00,49599.0,48687.73,911.26953125,1.2083668790999422
2020-08-21 12:00:00+00:00,49002.0,47274.336,1727.6640625,1.8926670078796803
2020-08-21 13:00:00+00:00,47940.0,46171.76,1768.23828125,1.927774348995122
2020-08-21 14:00:00+00:00,46756.0,45421.46,1334.5390625,1.5650336068754964
2020-08-21 15:00:00+00:00,45936.0,45179.957,756.04296875,1.0828986184036304
2020-08-22 01:00:00+00:00,34254.0,36338.13,-2084.12890625,-1.2826976934643322
2020-08-22 02:00:00+00:00,33334.0,35236.453,-1902.453125,-1.120307227748329
2020-08-22 03:00:00+00:00,33480.0,35528.773,-2048.7734375,-1.2378687530597812
2020-08-22 04:00:00+00:00,34170.0,37125.355,-2955.35546875,-1.9997369011450086
2020-08-22 05:00:00+00:00,34456.0,37311.3,-2855.30078125,-1.9107187616838042
2020-08-22 06:00:00+00:00,36697.0,38529.855,-1832.85546875,-1.0399606901872787
2020-08-22 22:00:00+00:00,38803.0,40681.332,-1878.33203125,-1.0508684303133897
2020-08-22 23:00:00+00:00,36216.0,38417.418,-2201.41796875,-1.3256139552377435
2020-08-23 00:00:00+00:00,34589.0,36820.973,-2231.97265625,-1.350363259187702
2020-08-23 01:00:00+00:00,32437.0,35056.94,-2619.94140625,-1.679527174953508
2020-08-23 02:00:00+00:00,31376.0,34039.07,-2663.0703125,-1.7242691980437217
2020-08-23 03:00:00+00:00,31291.0,33753.47,-2462.46875,-1.5633575817917513
2020-08-23 04:00:00+00:00,31566.0,33908.71,-2342.7109375,-1.465031241003369
2020-08-23 05:00:00+00:00,31552.0,33939.152,-2387.15234375,-1.5029924757654376
2020-08-23 10:00:00+00:00,42002.0,40930.87,1071.12890625,1.4747780157382215
2020-08-24 01:00:00+00:00,32623.0,34672.586,-2049.5859375,-1.2176872365389364
2020-08-24 04:00:00+00:00,37251.0,36565.473,685.52734375,1.1583827441805927
2020-08-24 05:00:00+00:00,39761.0,38735.125,1025.875,1.449287997355774
2020-08-24 06:00:00+00:00,43013.0,41571.59,1441.41015625,1.8016815292350996
2020-08-24 07:00:00+00:00,45614.0,44286.883,1327.1171875,1.6909547620390015
2020-08-24 08:00:00+00:00,47051.0,46025.727,1025.2734375,1.4191950050372373
2020-08-24 09:00:00+00:00,48534.0,47337.49,1196.51171875,1.5565732913701305
2020-08-24 10:00:00+00:00,49928.0,48186.062,1741.9375,2.0118733689691553
2020-08-24 11:00:00+00:00,48960.0,47441.895,1518.10546875,1.8130028432472332
2020-08-24 12:00:00+00:00,48148.0,46145.73,2002.26953125,2.2175557104274604
2020-08-24 13:00:00+00:00,47017.0,45230.527,1786.47265625,2.0255877307812904
2020-08-24 14:00:00+00:00,45911.0,44132.83,1778.171875,2.0090172170653746
2020-08-24 15:00:00+00:00,45245.0,43766.297,1478.703125,1.7442464580563635
2020-08-24 16:00:00+00:00,45814.0,44685.48,1128.51953125,1.4404710656072592
2020-08-24 17:00:00+00:00,46666.0,45391.94,1274.05859375,1.5532754993729707
2020-08-24 18:00:00+00:00,45337.0,44170.11,1166.890625,1.453834292005256
2020-08-24 19:00:00+00:00,44926.0,43724.035,1201.96484375,1.4730459434398129
2020-08-24 20:00:00+00:00,44994.0,44139.16,854.83984375,1.1772164719550746
2020-08-25 12:00:00+00:00,49416.0,47872.273,1543.7265625,1.7588663532959257
2020-08-25 13:00:00+00:00,48488.0,47068.82,1419.1796875,1.6527023155742184
2020-08-25 14:00:00+00:00,47397.0,46242.285,1154.71484375,1.4276493072638206
2020-08-25 15:00:00+00:00,46470.0,45574.7,895.30078125,1.2074637837954834
2020-08-25 16:00:00+00:00,47024.0,46314.53,709.46875,1.05119505872825
2020-08-26 09:00:00+00:00,50281.0,49204.363,1076.63671875,1.3475033554197595
2020-08-26 10:00:00+00:00,51475.0,49985.695,1489.3046875,1.6898762156396316
2020-08-26 11:00:00+00:00,50364.0,49158.574,1205.42578125,1.4408203243540123
2020-08-26 12:00:00+00:00,49820.0,48475.836,1344.1640625,1.5496857970060525
2020-08-26 13:00:00+00:00,48706.0,47856.562,849.4375,1.126886459125479
2020-08-27 09:00:00+00:00,50771.0,49662.645,1108.35546875,1.3124951114921855
2020-08-27 10:00:00+00:00,51939.0,50629.45,1309.55078125,1.4808014870661401
2020-08-27 11:00:00+00:00,51144.0,49648.85,1495.1484375,1.633122092972517
2020-08-27 12:00:00+00:00,50570.0,48756.055,1813.9453125,1.9000364235514091
2020-08-27 13:00:00+00:00,49351.0,48000.457,1350.54296875,1.4813514915527135
2020-08-27 14:00:00+00:00,48241.0,47219.438,1021.5625,1.1856944168404107
2020-08-27 15:00:00+00:00,47372.0,46521.55,850.44921875,1.0301005550957996
2020-08-28 01:00:00+00:00,36059.0,37577.15,-1518.1484375,-1.0523935864473226
2020-08-28 02:00:00+00:00,35504.0,37031.027,-1527.02734375,-1.0664456589693776
2020-08-28 14:00:00+00:00,45666.0,47186.293,-1520.29296875,-1.0886489863340552
2020-08-28 15:00:00+00:00,44917.0,46349.625,-1432.625,-1.0045918639761282
2020-08-28 16:00:00+00:00,45318.0,47009.367,-1691.3671875,-1.2278077731507344
2020-08-28 17:00:00+00:00,45507.0,47292.777,-1785.77734375,-1.3037899141412064
2020-08-28 23:00:00+00:00,37493.0,39130.207,-1637.20703125,-1.15802180293739
2020-08-29 00:00:00+00:00,35906.0,37867.58,-1961.578125,-1.4417226132355403
2020-08-29 01:00:00+00:00,33839.0,36370.766,-2531.765625,-1.9408197552930726
2020-08-29 02:00:00+00:00,32784.0,35417.438,-2633.4375,-2.0237468194336645
2020-08-29 03:00:00+00:00,33153.0,36096.566,-2943.56640625,-2.287155755070234
2020-08-29 04:00:00+00:00,34080.0,37597.086,-3517.0859375,-2.773939265702678
2020-08-29 05:00:00+00:00,34600.0,37768.21,-3168.2109375,-2.454597158136926
2020-08-29 06:00:00+00:00,36885.0,39470.08,-2585.078125,-1.9391109863627234
2020-08-29 07:00:00+00:00,39676.0,42053.777,-2377.77734375,-1.7518456272994711
2020-08-29 08:00:00+00:00,41306.0,43574.67,-2268.671875,-1.6499402955164901
2020-08-29 09:00:00+00:00,42546.0,44930.363,-2384.36328125,-1.7383232057157691
2020-08-29 10:00:00+00:00,44534.0,46084.15,-1550.1484375,-1.0119963902823965
2020-08-29 11:00:00+00:00,43002.0,45166.93,-2164.9296875,-1.5319005189645918
2020-08-29 12:00:00+00:00,41568.0,43610.715,-2042.71484375,-1.4168621463498086
2020-08-29 13:00:00+00:00,40342.0,42101.54,-1759.5390625,-1.1665391823765041
2020-08-29 22:00:00+00:00,38337.0,40326.53,-1989.53125,-1.325696486864628
2020-08-29 23:00:00+00:00,35777.0,37981.71,-2204.7109375,-1.5039198452006597
2020-08-30 00:00:00+00:00,34076.0,36407.242,-2331.2421875,-1.60738404347965
2020-08-30 01:00:00+00:00,31793.0,34739.01,-2946.01171875,-2.122538634906841
2020-08-30 02:00:00+00:00,30532.0,33630.75,-3098.75,-2.2401685475721465
2020-08-30 03:00:00+00:00,30572.0,33446.914,-2874.9140625,-2.0394398131785394
2020-08-30 04:00:00+00:00,31105.0,33701.902,-2596.90234375,-1.7979031184504874
2020-08-30 05:00:00+00:00,31171.0,33709.293,-2538.29296875,-1.7442067351003923
2020-08-30 09:00:00+00:00,40850.0,39760.457,1089.54296875,1.277548599164417
2020-08-30 10:00:00+00:00,43287.0,41182.34,2104.66015625,2.1177251038054603
2020-08-31 00:00:00+00:00,34335.0,36039.027,-1704.02734375,-1.043957603395772
2020-08-31 01:00:00+00:00,32382.0,34532.6,-2150.6015625,-1.4147139913205637
2020-08-31 04:00:00+00:00,38571.0,36394.27,2176.73046875,2.167450562878152
2020-08-31 05:00:00+00:00,41885.0,38631.71,3253.2890625,3.033314863661284
2020-08-31 06:00:00+00:00,45230.0,41659.055,3570.9453125,3.24178468894357
2020-08-31 07:00:00+00:00,47460.0,44767.848,2692.15234375,2.4785619320800327
2020-08-31 08:00:00+00:00,48564.0,46752.473,1811.52734375,1.749167876534383
2020-08-31 09:00:00+00:00,49726.0,48233.094,1492.90625,1.4832703973513401
2020-08-31 10:00:00+00:00,50850.0,49022.785,1827.21484375,1.7367807985820678
2020-08-31 11:00:00+00:00,49916.0,47602.742,2313.2578125,2.105391011100231
2020-08-31 12:00:00+00:00,49058.0,46014.934,3043.06640625,2.6543490272323043
2020-08-31 13:00:00+00:00,47753.0,45130.348,2622.65234375,2.294512218642572
2020-08-31 14:00:00+00:00,46179.0,44011.855,2167.14453125,1.920192139531821
2020-08-31 15:00:00+00:00,45286.0,43928.59,1357.41015625,1.2855922125630297
2020-08-31 16:00:00+00:00,46246.0,44949.46,1296.5390625,1.2310957899845831
2020-08-31 17:00:00+00:00,47523.0,45639.844,1883.15625,1.66993071067332
2020-08-31 18:00:00+00:00,46209.0,44560.56,1648.44140625,1.4801195562201162
2020-08-31 19:00:00+00:00,44776.0,43533.574,1242.42578125,1.1644030368321303
2020-08-31 20:00:00+00:00,44438.0,43230.01,1207.98828125,1.1331600911393789
2020-08-31 21:00:00+00:00,44775.0,43479.445,1295.5546875,1.1941053464458387
2020-09-01 05:00:00+00:00,44661.0,43157.824,1503.17578125,1.3346387928666628
2020-09-02 12:00:00+00:00,49932.0,48883.72,1048.28125,1.0173453516635838
2020-09-03 21:00:00+00:00,45777.0,44774.824,1002.17578125,1.0228913930165298
2020-09-04 06:00:00+00:00,47727.0,46669.41,1057.58984375,1.0555891097280194
2020-09-04 10:00:00+00:00,52104.0,50937.688,1166.3125,1.1342695622607626
2020-09-04 11:00:00+00:00,51332.0,49912.754,1419.24609375,1.3366984307062943
2020-09-04 12:00:00+00:00,50096.0,48721.67,1374.328125,1.2976250361023474
2020-09-04 15:00:00+00:00,46827.0,45583.453,1243.546875,1.2040057137159481
2020-09-05 00:00:00+00:00,36615.0,38255.805,-1640.8046875,-1.142060406706706
2020-09-05 01:00:00+00:00,34291.0,36613.605,-2322.60546875,-1.6891910050976573
2020-09-05 02:00:00+00:00,33193.0,35486.992,-2293.9921875,-1.6640624191565205
2020-09-05 03:00:00+00:00,33426.0,36481.812,-3055.8125,-2.272864056436664
2020-09-05 04:00:00+00:00,34705.0,38382.664,-3677.6640625,-2.7577100051897507
2020-09-05 05:00:00+00:00,35406.0,39273.195,-3867.1953125,-2.895328110781248
2020-09-05 06:00:00+00:00,37776.0,40728.336,-2952.3359375,-2.1514385122549045
2020-09-05 07:00:00+00:00,40530.0,43334.395,-2804.39453125,-2.0225779682606064
2020-09-05 08:00:00+00:00,41869.0,44882.242,-3013.2421875,-2.1749051018404253
2020-09-05 09:00:00+00:00,43127.0,46020.7,-2893.69921875,-2.0630211175575877
2020-09-05 10:00:00+00:00,45284.0,47035.18,-1751.1796875,-1.1601508119391823
2020-09-05 11:00:00+00:00,44088.0,46739.203,-2651.203125,-1.8507302690919487
2020-09-05 12:00:00+00:00,42469.0,45523.293,-3054.29296875,-2.1504780373014545
2020-09-05 13:00:00+00:00,41033.0,44305.367,-3272.3671875,-2.302270842615232
2020-09-05 14:00:00+00:00,39933.0,42989.52,-3056.51953125,-2.119735948755738
2020-09-05 15:00:00+00:00,39653.0,42666.76,-3013.76171875,-2.0710518628331225
2020-09-05 16:00:00+00:00,40599.0,43655.246,-3056.24609375,-2.0854413739624884
2020-09-05 17:00:00+00:00,41360.0,44710.285,-3350.28515625,-2.286961913346684
2020-09-05 18:00:00+00:00,41285.0,43985.91,-2700.91015625,-1.7844566378454187
2020-09-05 19:00:00+00:00,40800.0,43194.844,-2394.84375,-1.5468379220077813
2020-09-05 20:00:00+00:00,41333.0,43171.836,-1838.8359375,-1.1274609282222035
2020-09-05 22:00:00+00:00,38819.0,41250.58,-2431.578125,-1.5535247654362783
2020-09-05 23:00:00+00:00,36411.0,38879.336,-2468.3359375,-1.5767389350878136
2020-09-06 00:00:00+00:00,34897.0,37236.47,-2339.46875,-1.4803964732541353
2020-09-06 01:00:00+00:00,32654.0,35673.434,-3019.43359375,-1.977616812420459
2020-09-06 02:00:00+00:00,31478.0,34643.734,-3165.734375,-2.0805714576191017
2020-09-06 03:00:00+00:00,31502.0,34363.92,-2861.921875,-1.8535018628181132
2020-09-06 04:00:00+00:00,32223.0,34757.2,-2534.19921875,-1.6111282028357847
2020-09-06 05:00:00+00:00,32207.0,34879.67,-2672.671875,-1.7105056248080572
2020-09-06 10:00:00+00:00,43618.0,41701.36,1916.640625,1.6257046761194702
2020-09-06 18:00:00+00:00,41709.0,40600.152,1108.84765625,1.0194011388562898
2020-09-07 04:00:00+00:00,40336.0,37101.305,3234.6953125,2.5510256377291567
2020-09-07 06:00:00+00:00,46732.0,42523.418,4208.58203125,3.1537973380061963
2020-09-07 07:00:00+00:00,48262.0,45667.926,2594.07421875,1.9856351558266534
2020-09-07 08:00:00+00:00,48982.0,47410.95,1571.05078125,1.2660904620646085
2020-09-07 09:00:00+00:00,49784.0,48452.07,1331.9296875,1.0979281911988927
2020-09-07 10:00:00+00:00,50814.0,49143.316,1670.68359375,1.3317260345934394
2020-09-07 11:00:00+00:00,50068.0,48115.42,1952.578125,1.5272317747930146
2020-09-07 12:00:00+00:00,49173.0,46718.61,2454.390625,1.871328051340749
2020-09-07 13:00:00+00:00,47786.0,45743.33,2042.671875,1.5832826033177445
2020-09-07 14:00:00+00:00,46446.0,44663.99,1782.01171875,1.4017648649964565
2020-09-08 12:00:00+00:00,50326.0,49054.266,1271.734375,1.042701833114738
2020-09-09 10:00:00+00:00,53015.0,51749.98,1265.01953125,1.0261479689048174
2020-09-10 05:00:00+00:00,45607.0,44378.05,1228.94921875,1.0010628330412121
2020-09-12 02:00:00+00:00,33624.0,35214.87,-1590.87109375,-1.0110274812365163
2020-09-12 03:00:00+00:00,33845.0,36183.555,-2338.5546875,-1.5458157890670672
2020-09-12 04:00:00+00:00,35102.0,38207.816,-3105.81640625,-2.095185864401839
2020-09-12 05:00:00+00:00,35867.0,39026.52,-3159.51953125,-2.1383421974142767
2020-09-12 06:00:00+00:00,37890.0,40548.895,-2658.89453125,-1.7823884990004966
2020-09-12 07:00:00+00:00,41043.0,43072.434,-2029.43359375,-1.3341787135677317
2020-09-12 08:00:00+00:00,42686.0,44578.79,-1892.7890625,-1.2390904978244137
2020-09-12 09:00:00+00:00,43892.0,45982.8,-2090.80078125,-1.3823428061638066
2020-09-12 11:00:00+00:00,44904.0,46665.477,-1761.4765625,-1.151268992706276
2020-09-12 12:00:00+00:00,43561.0,45578.95,-2017.94921875,-1.3366852849747475
2020-09-12 13:00:00+00:00,42428.0,44395.824,-1967.82421875,-1.3010104158447202
2020-09-12 14:00:00+00:00,41289.0,43229.0,-1940.0,-1.279987345088187
2020-09-12 15:00:00+00:00,40982.0,42870.613,-1888.61328125,-1.2407867050016623
2020-09-12 16:00:00+00:00,41751.0,43838.34,-2087.33984375,-1.3788962493106445
2020-09-12 17:00:00+00:00,42312.0,44875.668,-2563.66796875,-1.712010040053068
2020-09-12 18:00:00+00:00,42557.0,44497.59,-1940.58984375,-1.2620624495476551
2020-09-12 19:00:00+00:00,41492.0,43328.453,-1836.453125,-1.1836991660446243
2020-09-12 22:00:00+00:00,39579.0,41259.08,-1680.078125,-1.0719383309623958
2020-09-12 23:00:00+00:00,37124.0,38983.562,-1859.5625,-1.2003019624649287
2020-09-13 00:00:00+00:00,35514.0,37406.58,-1892.578125,-1.2255464974994166
2020-09-13 01:00:00+00:00,33161.0,35748.082,-2587.08203125,-1.7201226753780687
2020-09-13 02:00:00+00:00,32047.0,34682.816,-2635.81640625,-1.7578699287242459
2020-09-13 03:00:00+00:00,31929.0,34372.746,-2443.74609375,-1.625625372750924
2020-09-13 04:00:00+00:00,32586.0,34877.383,-2291.3828125,-1.520697256825973
2020-09-13 05:00:00+00:00,32666.0,35108.89,-2442.890625,-1.6309443035747127
2020-09-13 10:00:00+00:00,44053.0,42460.19,1592.80859375,1.2473556670901864
2020-09-13 18:00:00+00:00,43176.0,41801.543,1374.45703125,1.0816084957407517
2020-09-13 23:00:00+00:00,36695.0,38365.848,-1670.84765625,-1.091134436970961
2020-09-14 00:00:00+00:00,35324.0,37093.254,-1769.25390625,-1.160976956276087
2020-09-14 01:00:00+00:00,33359.0,35444.85,-2085.8515625,-1.3858307635966882
2020-09-14 02:00:00+00:00,32980.0,34667.254,-1687.25390625,-1.10268556618463
2020-09-14 04:00:00+00:00,40053.0,37208.305,2844.6953125,2.121159771678521
2020-09-14 05:00:00+00:00,44047.0,39617.133,4429.8671875,3.238432715889292
2020-09-14 06:00:00+00:00,46392.0,42539.56,3852.44140625,2.8068113126251752
2020-09-14 07:00:00+00:00,48362.0,45660.426,2701.57421875,1.9924282701536749
2020-09-14 08:00:00+00:00,49838.0,47715.72,2122.28125,1.5849721577646636
2020-09-14 09:00:00+00:00,51539.0,48995.51,2543.48828125,1.878712338443764
2020-09-14 10:00:00+00:00,53193.0,49689.594,3503.40625,2.5424710900445993
2020-09-14 11:00:00+00:00,52720.0,48934.484,3785.515625,2.71802546115429
2020-09-14 12:00:00+00:00,52258.0,47752.56,4505.44140625,3.19428280595032
2020-09-14 13:00:00+00:00,51281.0,47025.26,4255.73828125,2.994664553101715
2020-09-14 14:00:00+00:00,50074.0,46240.023,3833.9765625,2.680644066510563
2020-09-14 15:00:00+00:00,49543.0,46372.094,3170.90625,2.210790281483897
2020-09-14 16:00:00+00:00,50577.0,47593.055,2983.9453125,2.0689352086267903
2020-09-14 17:00:00+00:00,51042.0,48421.31,2620.69140625,1.8126150092820903
2020-09-14 18:00:00+00:00,49498.0,47880.418,1617.58203125,1.1386705630415046
2020-09-15 05:00:00+00:00,46195.0,44539.062,1655.9375,1.173009205526028
2020-09-15 10:00:00+00:00,54268.0,52630.555,1637.4453125,1.1493507996336951
2020-09-15 11:00:00+00:00,53791.0,52343.727,1447.2734375,1.0189317950466354
2020-09-15 12:00:00+00:00,53617.0,51684.895,1932.10546875,1.3373232335021779
2020-09-15 13:00:00+00:00,52690.0,51145.06,1544.94140625,1.0747767673375543
2020-09-15 17:00:00+00:00,50374.0,52204.508,-1830.5078125,-1.1621086810059111
2020-09-17 21:00:00+00:00,45338.0,48339.324,-3001.32421875,-1.9220598904224406
2020-09-17 22:00:00+00:00,41625.0,45674.246,-4049.24609375,-2.591443120011575
2020-09-18 02:00:00+00:00,35438.0,40209.152,-4771.15234375,-2.7743814214646507
2020-09-18 03:00:00+00:00,37095.0,38998.39,-1903.390625,-1.0259212673719849
2020-09-18 04:00:00+00:00,41769.0,37746.49,4022.51171875,2.5058114587018325
2020-09-18 08:00:00+00:00,50482.0,44585.977,5896.0234375,3.176309594970277
2020-09-18 09:00:00+00:00,51580.0,46895.617,4684.3828125,2.4891676976849446
2020-09-18 10:00:00+00:00,52665.0,49211.777,3453.22265625,1.8236267315723886
2020-09-18 13:00:00+00:00,49993.0,52070.242,-2077.2421875,-1.0443594725754795
2020-09-18 14:00:00+00:00,48277.0,51282.555,-3005.5546875,-1.5168489759191979
2020-09-18 15:00:00+00:00,47729.0,50432.09,-2703.08984375,-1.3507288138030182
2020-09-18 19:00:00+00:00,45149.0,47890.094,-2741.09375,-1.3539523883213587
2020-09-18 20:00:00+00:00,45120.0,47369.117,-2249.1171875,-1.09359924700228
2020-09-19 01:00:00+00:00,35438.0,37736.355,-2298.35546875,-1.1073202192395397
2020-09-19 02:00:00+00:00,34310.0,36434.06,-2124.05859375,-1.0133543123797806
2020-09-19 04:00:00+00:00,36165.0,39023.957,-2858.95703125,-1.3829519068488065
2020-09-19 05:00:00+00:00,37057.0,40211.24,-3154.23828125,-1.5306673393265326
2020-09-19 13:00:00+00:00,43047.0,45374.4,-2327.3984375,-1.1564860505794603
2020-09-19 14:00:00+00:00,41848.0,44364.477,-2516.4765625,-1.2525039373933984
2020-09-19 15:00:00+00:00,41593.0,43990.457,-2397.45703125,-1.1913797570531126
2020-09-19 16:00:00+00:00,42127.0,44437.926,-2310.92578125,-1.1491450382722472
2020-09-19 17:00:00+00:00,43041.0,45104.918,-2063.91796875,-1.0246025800739642
2020-09-19 22:00:00+00:00,39383.0,42255.508,-2872.5078125,-1.471848587484753
2020-09-19 23:00:00+00:00,36762.0,39900.043,-3138.04296875,-1.6091771075928551
2020-09-20 00:00:00+00:00,35204.0,38288.375,-3084.375,-1.5748901443043413
2020-09-20 01:00:00+00:00,33066.0,36460.438,-3394.4375,-1.7302046215484828
2020-09-20 02:00:00+00:00,31993.0,35318.4,-3325.3984375,-1.68888164609099
2020-09-20 03:00:00+00:00,31971.0,35162.152,-3191.15234375,-1.6143856352275507
2020-09-20 04:00:00+00:00,32728.0,35921.79,-3193.7890625,-1.611481314562141
2020-09-20 05:00:00+00:00,33023.0,36237.52,-3214.51953125,-1.6212993790028425
2020-09-20 06:00:00+00:00,34544.0,36878.7,-2334.69921875,-1.1640935378336301
2020-09-20 07:00:00+00:00,37468.0,39522.195,-2054.1953125,-1.0203116934855165
2020-09-21 04:00:00+00:00,40390.0,37436.457,2953.54296875,1.603537674291728
2020-09-21 05:00:00+00:00,44836.0,39998.734,4837.265625,2.5707496406242103
2020-09-21 06:00:00+00:00,46968.0,42705.97,4262.03125,2.241643079337501
2020-09-21 07:00:00+00:00,48743.0,45929.14,2813.859375,1.4804167577156786
2020-09-21 10:00:00+00:00,51500.0,49565.984,1934.015625,1.056686551280055
2020-09-21 11:00:00+00:00,50670.0,48487.38,2182.62109375,1.1883145407554643
2020-09-21 12:00:00+00:00,50089.0,47473.625,2615.375,1.411034548724415
2020-09-21 13:00:00+00:00,48919.0,46614.68,2304.3203125,1.2447965793827531
2020-09-21 14:00:00+00:00,47631.0,45635.215,1995.78515625,1.0827297891898477
2020-09-25 05:00:00+00:00,46809.0,44897.582,1911.41796875,1.0836081007704987
2020-09-25 06:00:00+00:00,49122.0,47090.023,2031.9765625,1.1401341081664655
2020-09-27 08:00:00+00:00,45236.0,42300.92,2935.078125,1.5573825077660448
2020-09-27 09:00:00+00:00,47435.0,43721.754,3713.24609375,1.9620858800061376
2020-09-27 10:00:00+00:00,49708.0,45430.07,4277.9296875,2.2439892098579786
2020-09-27 11:00:00+00:00,47570.0,44399.473,3170.52734375,1.636904177828982
2020-09-27 12:00:00+00:00,45352.0,42006.332,3345.66796875,1.71741288696828
2020-09-27 13:00:00+00:00,43597.0,40340.445,3256.5546875,1.6596179763280057
2020-09-27 14:00:00+00:00,42435.0,39200.168,3234.83203125,1.6404983593105615
2020-09-27 15:00:00+00:00,42816.0,39536.63,3279.37109375,1.6530920395001718
2020-09-27 16:00:00+00:00,45351.0,41610.145,3740.85546875,1.8809503394413483
2020-09-27 17:00:00+00:00,48508.0,45239.15,3268.8515625,1.624395874495152
2020-09-27 18:00:00+00:00,48423.0,45775.47,2647.53125,1.2959493484510551
2020-09-28 04:00:00+00:00,45635.0,39952.867,5682.1328125,2.8418174961989924
2020-09-28 07:00:00+00:00,55183.0,49514.996,5668.00390625,2.6624424046967694
2020-09-28 08:00:00+00:00,55927.0,51770.28,4156.71875,1.907322371284757
2020-09-28 09:00:00+00:00,56748.0,52766.516,3981.484375,1.8245048974521623
2020-09-28 10:00:00+00:00,57680.0,53289.73,4390.26953125,2.021210231202088
2020-09-28 11:00:00+00:00,56412.0,50866.387,5545.61328125,2.566939138788311
2020-09-28 12:00:00+00:00,54776.0,48959.824,5816.17578125,2.6695560375633107
2020-09-28 13:00:00+00:00,52805.0,48317.77,4487.23046875,2.0131640572065836
2020-09-28 14:00:00+00:00,51405.0,48077.855,3327.14453125,1.4593860270057464
2020-09-29 05:00:00+00:00,52955.0,49766.97,3188.03125,1.4300783687728764
2020-09-29 06:00:00+00:00,54760.0,52003.035,2756.96484375,1.2139509090073992
2020-09-30 03:00:00+00:00,38846.0,41914.22,-3068.21875,-1.5731679625446937
2020-09-30 04:00:00+00:00,40910.0,46930.69,-6020.69140625,-2.9776964298666764
